-- phpMyAdmin SQL Dump
-- version 4.9.4
-- https://www.phpmyadmin.net/
--
-- Host: localhost:3306
-- Generation Time: Apr 20, 2021 at 06:04 AM
-- Server version: 5.6.49-cll-lve
-- PHP Version: 7.3.6

SET SQL_MODE = "NO_AUTO_VALUE_ON_ZERO";
SET AUTOCOMMIT = 0;
START TRANSACTION;
SET time_zone = "+00:00";


/*!40101 SET @OLD_CHARACTER_SET_CLIENT=@@CHARACTER_SET_CLIENT */;
/*!40101 SET @OLD_CHARACTER_SET_RESULTS=@@CHARACTER_SET_RESULTS */;
/*!40101 SET @OLD_COLLATION_CONNECTION=@@COLLATION_CONNECTION */;
/*!40101 SET NAMES utf8mb4 */;

--
-- Database: `stocksdb`
--

-- --------------------------------------------------------

--
-- Table structure for table `backorders`
--

CREATE TABLE `backorders` (
  `id` int(11) NOT NULL,
  `type` int(11) NOT NULL,
  `number` varchar(255) CHARACTER SET utf8 NOT NULL,
  `date` date NOT NULL,
  `status` tinyint(4) NOT NULL DEFAULT '0',
  `created_at` timestamp NULL DEFAULT NULL,
  `updated_at` datetime DEFAULT NULL
) ENGINE=MyISAM DEFAULT CHARSET=latin1;

--
-- Dumping data for table `backorders`
--

INSERT INTO `backorders` (`id`, `type`, `number`, `date`, `status`, `created_at`, `updated_at`) VALUES
(1, 1, '8', '2021-02-03', 1, NULL, '2021-02-03 16:10:04'),
(3, 1, '5', '2021-02-06', 0, NULL, NULL),
(4, 1, '2', '2021-02-23', 0, NULL, NULL),
(5, 1, '15', '2021-02-04', 1, '2021-02-03 19:42:00', '2021-02-04 12:02:12'),
(18, 1, '33', '2021-02-05', 0, '2021-02-04 18:03:12', '2021-02-04 11:03:12'),
(7, 1, '17', '2021-02-04', 1, '2021-02-03 20:07:40', '2021-02-04 12:02:08'),
(8, 2, '548933', '2021-02-17', 0, '2021-02-03 22:59:08', '2021-02-03 15:59:08'),
(17, 1, '29', '2021-02-10', 0, '2021-02-04 00:48:33', '2021-02-03 17:48:33'),
(13, 1, '25', '2021-02-05', 1, '2021-02-03 23:20:50', '2021-02-08 11:41:08'),
(28, 1, '46', '2021-02-27', 1, '2021-02-06 21:59:22', '2021-02-27 08:21:43'),
(15, 1, '27', '2021-02-05', 1, '2021-02-03 23:27:56', '2021-02-08 11:41:14'),
(24, 1, '44', '2021-02-07', 1, '2021-02-04 23:41:17', '2021-02-08 11:41:31'),
(19, 1, '35', '2021-02-05', 1, '2021-02-04 19:52:16', '2021-03-08 17:22:55'),
(20, 2, '912420', '2021-02-25', 1, '2021-02-04 21:21:40', '2021-03-03 13:05:46'),
(21, 1, '37', '2021-02-05', 0, '2021-02-04 21:27:00', '2021-02-04 14:27:00'),
(27, 2, '448088', '2021-02-27', 0, '2021-02-06 21:46:16', '2021-02-06 14:46:16'),
(31, 1, '49', '2021-02-13', 1, '2021-02-06 22:28:15', '2021-02-16 13:32:54'),
(33, 1, '56', '2021-02-08', 0, '2021-02-07 22:24:01', '2021-02-07 15:24:01'),
(34, 1, '62', '2021-03-01', 0, '2021-02-08 16:47:57', '2021-02-08 09:47:57'),
(35, 2, '651415', '2021-03-01', 0, '2021-02-08 18:45:52', '2021-02-08 11:45:52'),
(36, 2, '940858', '2021-02-09', 1, '2021-02-08 18:53:16', '2021-03-07 14:38:09'),
(37, 1, '64', '2021-03-01', 0, '2021-02-08 19:03:10', '2021-02-08 12:03:10'),
(38, 2, '401949', '2021-03-01', 0, '2021-02-08 20:01:56', '2021-02-08 13:01:56'),
(40, 1, '67', '2021-02-09', 1, '2021-02-08 20:04:57', '2021-02-09 12:56:45'),
(41, 1, '68', '2021-02-15', 1, '2021-02-08 22:33:03', '2021-02-21 14:59:37'),
(42, 2, '439708', '2021-02-13', 1, '2021-02-09 22:15:06', '2021-02-16 10:40:41'),
(43, 1, '73', '2021-03-02', 0, '2021-02-09 23:30:34', '2021-02-09 16:30:34'),
(45, 1, '76', '2021-03-02', 0, '2021-02-10 00:08:50', '2021-02-09 17:08:50'),
(47, 1, '84', '2021-02-11', 1, '2021-02-10 16:55:35', '2021-02-11 10:14:26'),
(48, 2, '84194', '2021-03-03', 0, '2021-02-10 19:09:15', '2021-02-10 12:09:15'),
(59, 1, '106', '2021-03-08', 0, '2021-02-15 19:10:18', '2021-02-15 12:10:18'),
(50, 1, '87', '2021-03-12', 0, '2021-02-10 20:24:09', '2021-02-10 13:24:09'),
(51, 2, '754128', '2021-02-17', 0, '2021-02-11 00:19:36', '2021-02-10 17:19:36'),
(52, 1, '88', '2021-03-03', 0, '2021-02-11 00:23:54', '2021-02-10 17:23:54'),
(53, 2, '866875', '2021-02-25', 0, '2021-02-11 22:28:19', '2021-02-11 15:28:19'),
(54, 2, '5472', '2021-02-25', 0, '2021-02-11 23:37:15', '2021-02-11 16:37:15'),
(56, 1, '92', '2021-03-04', 0, '2021-02-11 23:40:58', '2021-02-11 16:40:58'),
(109, 1, '202', '2021-02-25', 0, '2021-02-25 00:01:03', '2021-02-24 17:01:03'),
(58, 2, '501916', '2021-03-08', 0, '2021-02-15 18:35:56', '2021-02-15 11:35:56'),
(60, 1, '107', '2021-03-08', 0, '2021-02-15 19:15:04', '2021-02-15 12:15:04'),
(61, 2, '250500', '2021-03-08', 0, '2021-02-15 19:19:55', '2021-02-15 12:19:55'),
(62, 1, '108', '2021-03-08', 0, '2021-02-15 19:25:01', '2021-02-15 12:25:01'),
(63, 1, '119', '2021-02-16', 1, '2021-02-16 00:27:07', '2021-03-08 17:22:50'),
(75, 1, '153', '2021-03-10', 0, '2021-02-18 22:26:39', '2021-02-18 15:26:39'),
(72, 1, '149', '2021-02-21', 0, '2021-02-18 18:38:59', '2021-02-18 11:38:59'),
(73, 2, '555339', '2021-03-11', 0, '2021-02-18 18:51:54', '2021-02-18 12:29:32'),
(136, 1, '262', '2021-03-28', 0, '2021-03-08 01:50:33', '2021-03-07 18:50:33'),
(76, 1, '154', '2021-02-25', 0, '2021-02-18 22:28:12', '2021-02-18 15:28:12'),
(80, 1, '159', '2021-03-09', 0, '2021-02-18 23:06:44', '2021-02-18 16:06:44'),
(81, 1, '160', '2021-03-04', 0, '2021-02-19 00:04:21', '2021-02-18 17:04:21'),
(101, 1, '194', '2021-02-27', 0, '2021-02-23 20:30:27', '2021-02-23 13:30:27'),
(84, 1, '171', '2021-02-25', 0, '2021-02-21 19:11:01', '2021-02-21 12:11:01'),
(86, 1, '173', '2021-02-25', 1, '2021-02-21 19:12:34', '2021-03-08 17:55:39'),
(87, 2, '863280', '2021-02-23', 0, '2021-02-21 20:52:40', '2021-02-21 13:52:40'),
(92, 1, '184', '2021-02-23', 0, '2021-02-21 22:00:45', '2021-02-21 15:00:45'),
(90, 1, '182', '2021-02-28', 1, '2021-02-21 21:35:44', '2021-03-03 13:05:59'),
(94, 1, '188', '2021-03-08', 0, '2021-02-22 20:51:41', '2021-02-22 13:51:41'),
(95, 1, '189', '2021-02-23', 0, '2021-02-22 20:52:59', '2021-02-22 13:52:59'),
(97, 1, '191', '2021-03-01', 0, '2021-02-22 21:31:12', '2021-02-22 14:31:12'),
(98, 2, '325218', '2021-03-15', 0, '2021-02-22 21:59:43', '2021-02-22 14:59:43'),
(99, 1, '192', '2021-03-01', 0, '2021-02-22 22:26:34', '2021-02-22 15:26:34'),
(100, 1, '193', '2021-03-01', 0, '2021-02-22 22:28:59', '2021-02-22 15:28:59'),
(102, 1, '195', '2021-03-03', 0, '2021-02-24 20:09:23', '2021-02-24 13:09:23'),
(103, 1, '196', '2021-03-03', 0, '2021-02-24 20:10:07', '2021-02-24 13:10:07'),
(104, 2, '594759', '2021-03-10', 0, '2021-02-24 20:22:18', '2021-02-24 13:22:18'),
(105, 1, '197', '2021-03-03', 0, '2021-02-24 20:28:38', '2021-02-24 13:28:38'),
(106, 1, '199', '2021-03-03', 0, '2021-02-24 21:53:53', '2021-02-24 14:53:53'),
(107, 1, '200', '2021-02-25', 1, '2021-02-24 22:02:02', '2021-02-25 11:31:49'),
(108, 2, '380621', '2021-03-17', 0, '2021-02-24 23:58:18', '2021-02-24 16:58:18'),
(110, 1, '203', '2021-03-17', 0, '2021-02-25 00:04:18', '2021-02-24 17:04:18'),
(111, 2, '85989', '2021-03-18', 0, '2021-02-25 16:02:34', '2021-02-25 09:02:34'),
(113, 1, '207', '2021-03-18', 0, '2021-02-25 18:46:20', '2021-02-25 11:46:20'),
(115, 2, '819594', '2021-03-22', 0, '2021-03-01 19:05:17', '2021-03-01 12:05:17'),
(117, 1, '221', '2021-03-22', 0, '2021-03-01 19:44:19', '2021-03-01 12:44:19'),
(119, 2, '135040', '2021-03-23', 0, '2021-03-02 18:11:16', '2021-03-02 11:11:16'),
(120, 2, '832138', '2021-03-23', 0, '2021-03-02 18:15:28', '2021-03-02 11:15:28'),
(123, 1, '232', '2021-03-23', 0, '2021-03-02 22:35:03', '2021-03-02 15:35:03'),
(148, 1, '298', '2021-03-08', 0, '2021-03-14 23:38:37', '2021-03-14 16:38:37'),
(125, 1, '235', '2021-03-24', 0, '2021-03-03 21:39:05', '2021-03-03 14:39:05'),
(126, 1, '236', '2021-03-24', 0, '2021-03-03 21:41:41', '2021-03-03 14:41:41'),
(147, 1, '297', '2021-03-24', 0, '2021-03-14 23:34:32', '2021-03-14 16:34:32'),
(132, 1, '243', '2021-03-25', 0, '2021-03-04 19:00:25', '2021-03-04 12:00:25'),
(129, 2, '867869', '2021-03-25', 0, '2021-03-04 17:48:41', '2021-03-04 10:48:41'),
(131, 2, '404753', '2021-03-25', 0, '2021-03-04 18:52:08', '2021-03-04 11:52:08'),
(137, 2, '281121', '2021-03-29', 0, '2021-03-08 19:21:28', '2021-03-08 12:21:28'),
(138, 1, '269', '2021-03-09', 0, '2021-03-08 20:39:56', '2021-03-08 13:39:56'),
(139, 1, '270', '2021-03-09', 0, '2021-03-08 20:41:52', '2021-03-08 13:41:52'),
(140, 2, '827823', '2021-03-29', 0, '2021-03-08 21:04:51', '2021-03-08 14:04:51'),
(141, 1, '271', '2021-03-29', 0, '2021-03-08 21:08:29', '2021-03-08 14:08:29'),
(150, 1, '300', '2021-04-05', 0, '2021-03-15 22:36:09', '2021-03-15 15:36:09'),
(144, 1, '282', '2021-03-14', 0, '2021-03-13 20:27:48', '2021-03-13 13:27:48'),
(145, 2, '564464', '2021-04-01', 0, '2021-03-13 20:49:05', '2021-03-13 13:49:05'),
(146, 2, '80695', '2021-04-01', 0, '2021-03-13 20:51:16', '2021-03-13 13:51:16'),
(169, 1, '338', '2021-04-06', 0, '2021-03-22 23:06:25', '2021-03-22 16:06:25'),
(160, 1, '326', '2021-04-15', 0, '2021-03-21 17:14:01', '2021-03-21 10:14:01'),
(153, 1, '309', '2021-04-06', 0, '2021-03-17 01:23:24', '2021-03-16 18:23:24'),
(185, 1, '355', '2021-04-06', 0, '2021-03-29 21:30:20', '2021-03-29 14:30:20'),
(161, 1, '327', '2021-04-07', 0, '2021-03-21 19:14:21', '2021-03-21 12:14:21'),
(163, 1, '329', '2021-04-07', 0, '2021-03-21 19:20:42', '2021-03-21 12:20:42'),
(164, 2, '322266', '2021-04-07', 0, '2021-03-21 19:27:17', '2021-03-21 12:29:46'),
(165, 2, '436904', '2021-04-07', 0, '2021-03-21 19:28:46', '2021-03-21 12:28:46'),
(166, 1, '330', '2021-04-11', 0, '2021-03-21 19:36:18', '2021-03-21 12:36:18'),
(167, 1, '331', '2021-04-11', 0, '2021-03-21 19:38:36', '2021-03-21 12:38:36'),
(168, 1, '337', '2021-03-25', 0, '2021-03-22 21:35:15', '2021-03-22 14:35:15'),
(170, 1, '339', '2021-04-01', 0, '2021-03-22 23:58:28', '2021-03-22 16:58:28'),
(171, 1, '341', '2021-04-12', 0, '2021-03-23 00:32:00', '2021-03-22 17:32:00'),
(172, 2, '700656', '2021-03-24', 0, '2021-03-23 17:06:29', '2021-03-23 10:24:23'),
(173, 1, '343', '2021-03-28', 0, '2021-03-23 21:47:31', '2021-03-23 14:47:31'),
(174, 1, '344', '2021-04-13', 0, '2021-03-23 21:55:01', '2021-03-23 14:55:01'),
(175, 2, '599770', '2021-03-30', 0, '2021-03-24 01:37:42', '2021-03-23 18:37:42'),
(178, 1, '347', '2021-04-06', 0, '2021-03-24 01:59:04', '2021-03-23 18:59:04'),
(179, 2, '352125', '2021-04-18', 0, '2021-03-28 16:21:17', '2021-03-28 09:21:17'),
(184, 1, '354', '2021-04-18', 0, '2021-03-28 20:28:24', '2021-03-28 13:28:24');

-- --------------------------------------------------------

--
-- Table structure for table `bills`
--

CREATE TABLE `bills` (
  `id` int(11) NOT NULL,
  `date` date DEFAULT NULL,
  `supplier_name` varchar(255) CHARACTER SET utf8 NOT NULL,
  `sales_officer` varchar(255) CHARACTER SET utf8 DEFAULT NULL,
  `invoice_number` varchar(255) CHARACTER SET utf8 DEFAULT NULL,
  `image` varchar(255) CHARACTER SET utf8 NOT NULL DEFAULT 'default.png',
  `supplier_address` varchar(255) CHARACTER SET utf8 NOT NULL,
  `supplier_phone` varchar(255) CHARACTER SET utf8 NOT NULL,
  `payment_method` varchar(255) CHARACTER SET utf8 NOT NULL,
  `total` double(8,2) NOT NULL DEFAULT '0.00',
  `number_of_days` int(11) DEFAULT NULL,
  `partially_price` double(8,2) DEFAULT NULL,
  `the_rest_in_through` int(11) DEFAULT NULL,
  `add_by` int(11) NOT NULL,
  `update_by` int(11) NOT NULL DEFAULT '0',
  `bounceds_s` tinyint(4) NOT NULL DEFAULT '0',
  `created_at` timestamp NULL DEFAULT NULL,
  `updated_at` timestamp NULL DEFAULT NULL
) ENGINE=MyISAM DEFAULT CHARSET=latin1;

--
-- Dumping data for table `bills`
--

INSERT INTO `bills` (`id`, `date`, `supplier_name`, `sales_officer`, `invoice_number`, `image`, `supplier_address`, `supplier_phone`, `payment_method`, `total`, `number_of_days`, `partially_price`, `the_rest_in_through`, `add_by`, `update_by`, `bounceds_s`, `created_at`, `updated_at`) VALUES
(1, NULL, 'جرد مخزن الرئيسى', 'برنامج ابراهيم', '678096', 'default.png', 'وسط البلد', '[\"01025445384\"]', '1', 243993.80, NULL, NULL, NULL, 1, 0, 0, '2021-01-31 18:56:46', '2021-03-29 21:29:40'),
(2, NULL, 'جرد مخزن عين شمس- برنامج ابراهيم', 'ابراهيم', '700242', 'default.png', 'عين شمس', '[\"01025445384\"]', '1', 22332.25, NULL, NULL, NULL, 1, 0, 0, '2021-01-31 20:17:11', '2021-03-23 00:33:52'),
(11, NULL, 'محمد المعادى سوفت وير', 'شيماء', '548933', 'default.png', 'المعادى', '[\"01111111111\"]', '2', 94000.00, 14, NULL, NULL, 2, 0, 0, '2021-02-03 22:59:08', '2021-02-04 16:54:19'),
(12, NULL, 'شركة المصرية - اسلام الشاذلى', 'وائل', '912420', 'default.png', '19 أ شارع الخليفه المأمون - مصر الجديده - القاهره - مصر', '[\"01141818641\"]', '2', 4860.00, 21, NULL, NULL, 2, 0, 0, '2021-02-04 21:21:40', '2021-02-04 22:24:39'),
(15, NULL, 'شركة كيت هارد وير', 'محمد', '796906', 'default.png', 'تكنولوجى مول - مدينة نصر', '[\"01026661718\"]', '1', 2800.00, NULL, NULL, NULL, 2, 0, 0, '2021-02-04 23:31:09', '2021-02-04 23:34:47'),
(17, NULL, 'محمد المعادى', 'محمد', '448088', 'default.png', 'المعادى', '[\"01000000000\"]', '2', 1000.00, 21, NULL, NULL, 2, 0, 0, '2021-02-06 21:46:16', '2021-02-06 21:48:14'),
(18, NULL, 'بيشو', 'عماد', '100336', 'default.png', 'البستان - تحرير', '[\"01225690044\"]', '1', 1150.00, NULL, NULL, NULL, 2, 0, 0, '2021-02-06 22:01:43', '2021-02-07 20:48:15'),
(19, NULL, 'شرق اسيا - مورد', 'ابراهيم', '651415', 'default.png', 'البستان - تحرير', '[\"01118484605\"]', '2', 4925.00, 21, NULL, NULL, 2, 0, 0, '2021-02-08 18:45:52', '2021-02-08 18:51:53'),
(20, NULL, 'نقدى - مورد', '....', '940858', 'default.png', '......', '[\"000000000000\"]', '2', 300.00, 1, NULL, NULL, 2, 0, 0, '2021-02-08 18:53:16', '2021-02-08 18:56:38'),
(21, NULL, 'شرق اسيا - مورد', 'ابراهيم', '401949', 'default.png', 'البستان - تحرير', '[\"01118484605\"]', '2', 3450.00, 21, NULL, NULL, 2, 0, 0, '2021-02-08 20:01:56', '2021-02-08 20:03:03'),
(22, NULL, 'العباسى', 'محمد', '439708', 'default.png', 'البستان - تحرير', '[\"01000000000\"]', '3', 52500.00, NULL, 40000.00, 3, 2, 0, 0, '2021-02-09 22:15:06', '2021-02-10 16:17:15'),
(23, NULL, 'محمد المعادى', 'محمد', '84194', 'default.png', 'المعادى', '[\"01000000000\"]', '2', 7000.00, 21, NULL, NULL, 2, 0, 1, '2021-02-10 19:09:15', '2021-02-17 19:09:28'),
(24, NULL, 'شرق اسيا - مورد', 'ابراهيم', '754128', 'default.png', 'باب اللوق - البستان', '[\"01025445384\"]', '2', 4150.00, 7, NULL, NULL, 2, 0, 0, '2021-02-11 00:19:36', '2021-02-11 00:22:42'),
(25, NULL, 'ايجى تك', 'سيد', '866875', 'default.png', 'باب اللوق - البستان', '[\"01014955335\"]', '2', 18750.00, 14, NULL, NULL, 2, 0, 0, '2021-02-11 22:28:19', '2021-02-11 22:39:43'),
(26, NULL, 'شرق اسيا - مورد', 'ابراهيم', '5472', 'default.png', 'البستان - تحرير', '[\"01118484605\"]', '2', 1075.00, 14, NULL, NULL, 2, 0, 0, '2021-02-11 23:37:15', '2021-02-14 18:00:00'),
(27, NULL, 'رامى سوفت وير -مورد', 'رامى', '501916', 'default.png', 'دار السلام', '[\"01021543266\"]', '2', 5000.00, 21, NULL, NULL, 2, 0, 0, '2021-02-15 18:35:56', '2021-02-15 18:37:24'),
(28, NULL, 'محمد المعادى', 'محمد', '250500', 'default.png', 'المعادى', '[\"01011302585\"]', '2', 3800.00, 21, NULL, NULL, 2, 0, 0, '2021-02-15 19:19:55', '2021-02-15 19:21:20'),
(29, NULL, 'نقدى - مورد', NULL, '546465', 'default.png', '......', '[\"01000000000\"]', '1', 41.50, NULL, NULL, NULL, 2, 0, 0, '2021-02-15 19:58:08', '2021-02-16 00:02:25'),
(30, NULL, 'شركة العيسيوى', 'مروة', '721053', 'default.png', 'منشية البكرى - المقريزى', '[\"01200049281\"]', '1', 5100.00, NULL, NULL, NULL, 2, 0, 0, '2021-02-15 20:28:09', '2021-02-15 20:29:50'),
(31, NULL, 'المجد - مورد', 'المجد', '936546', 'default.png', 'التحرير', '[\"0100000000000\"]', '1', 130.00, NULL, NULL, NULL, 2, 0, 0, '2021-02-15 21:39:16', '2021-02-15 21:40:30'),
(33, '2021-02-16', 'النخيلى اخوان', NULL, '724724', 'default.png', 'البستان - تحرير', '[\"0223923500\"]', '1', 800.00, NULL, NULL, NULL, 2, 0, 0, '2021-02-17 01:30:18', '2021-02-17 01:31:04'),
(34, '2021-02-16', 'بيشو', 'بيشو', '112887', 'default.png', 'البستان - تحرير', '[\"0100000000000\"]', '1', 75.00, NULL, NULL, NULL, 2, 0, 0, '2021-02-17 01:34:52', '2021-02-17 01:36:05'),
(35, '2021-02-18', 'العباسى', 'محمد العباسى', '894213', 'default.png', 'باب اللوق - البستان', '[\"01020065019\"]', '1', 57500.00, NULL, NULL, NULL, 2, 0, 0, '2021-02-18 18:27:17', '2021-02-18 19:30:16'),
(36, '2021-02-18', 'محمد المعادى', 'محمد', '555339', 'default.png', 'المعادي', '[\"01011302585\"]', '2', 50900.00, 21, NULL, NULL, 2, 0, 0, '2021-02-18 18:51:54', '2021-02-19 00:02:36'),
(38, '2021-02-21', 'شرق اسيا - مورد', 'ابراهيم', '863280', 'default.png', 'البستان - تحرير', '[\"01025445384\"]', '2', 17400.00, 2, NULL, NULL, 2, 0, 0, '2021-02-21 20:52:40', '2021-02-21 21:06:59'),
(39, '2021-02-22', 'نقدى - مورد', '....', '901407', 'default.png', 'البستان - تحرير', '[\"01111111111\"]', '1', 250.00, NULL, NULL, NULL, 2, 0, 0, '2021-02-22 20:30:21', '2021-02-22 20:37:40'),
(40, '2021-02-22', 'محمد المعادى', 'محمد', '325218', 'default.png', 'المعادى', '[\"01111111111\"]', '2', 41000.00, 21, NULL, NULL, 2, 0, 0, '2021-02-22 21:59:43', '2021-02-22 22:09:07'),
(41, '2021-02-24', 'نقدى - مورد', '....', '98622', 'default.png', 'البستان - تحرير', '[\"01111111111\"]', '1', 1100.00, NULL, NULL, NULL, 2, 0, 0, '2021-02-24 20:06:50', '2021-02-24 20:08:03'),
(42, '2021-02-24', 'ايجى تك - سيد', 'سيد', '594759', 'default.png', 'البستان - تحرير', '[\"01014955335\"]', '2', 37500.00, 14, NULL, NULL, 2, 0, 0, '2021-02-24 20:22:18', '2021-02-24 20:49:44'),
(43, '2021-02-24', 'شركة العيسيوى', 'مروة', '158390', 'default.png', 'منشية البكرى - المقريزى', '[\"01200049281\"]', '1', 850.00, NULL, NULL, NULL, 2, 0, 0, '2021-02-24 22:00:15', '2021-02-24 22:00:52'),
(44, '2021-02-24', 'شركة بوينت تريد', 'ايهاب', '380621', 'default.png', 'مساكن شيراتون', '[\"01007525734\"]', '2', 850.00, 21, NULL, NULL, 2, 0, 0, '2021-02-24 23:58:18', '2021-03-17 15:37:13'),
(45, '2021-02-25', 'ايجى تك', 'سيد', '85989', 'default.png', 'باب اللوق', '[\"01014955335\"]', '2', 39600.00, 21, NULL, NULL, 2, 0, 0, '2021-02-25 16:02:34', '2021-02-25 21:26:20'),
(53, '2021-03-04', 'ايزى تك', 'مصطفى', '867869', 'default.png', 'مصر الجديدة', '[\"01111111111\"]', '2', 45000.00, 21, NULL, NULL, 2, 0, 0, '2021-03-04 17:48:41', '2021-03-04 18:01:55'),
(47, '2021-03-01', 'محمد المعادى', 'مصطفى', '819594', 'default.png', 'مصر الجديدة', '[\"01111111111\"]', '2', 7000.00, 21, NULL, NULL, 2, 0, 0, '2021-03-01 19:05:17', '2021-03-03 22:26:58'),
(48, '2021-03-01', 'ايزى تك', 'مصطفى', '357909', 'default.png', 'مصر الجديدة', '[\"01111111111\"]', '1', 26100.00, NULL, NULL, NULL, 2, 0, 0, '2021-03-01 19:27:43', '2021-03-30 19:55:58'),
(50, '2021-03-02', 'أى مكس', 'محمود', '552998', 'default.png', 'مصر الجديدة', '[\"01002523089\"]', '1', 4906.20, NULL, NULL, NULL, 1, 0, 0, '2021-03-02 17:34:05', '2021-03-03 22:25:40'),
(51, '2021-03-02', 'ايجى تك', 'سيد', '135040', 'default.png', 'باب اللوق - البستان', '[\"01014955335\"]', '2', 6900.00, 21, NULL, NULL, 2, 0, 0, '2021-03-02 18:11:16', '2021-03-02 18:14:03'),
(52, '2021-03-02', 'براند نيو', NULL, '832138', 'default.png', 'باب اللوق - البستان', '[\"01014955335\"]', '2', 1200.00, 21, NULL, NULL, 2, 0, 0, '2021-03-02 18:15:28', '2021-03-02 18:17:06'),
(54, '2021-03-04', 'جرد مصطفى قديم', 'مصطفى رمضان', '162248', 'default.png', 'باب اللوق - البستان', '[\"01026881555\"]', '1', 6000.00, NULL, NULL, NULL, 2, 0, 0, '2021-03-04 18:07:45', '2021-03-04 18:16:30'),
(55, '2021-03-04', 'رامى سوفت وير -مورد', 'رامى', '404753', 'default.png', 'دار السلام', '[\"01021543266\"]', '2', 23750.00, 21, NULL, NULL, 2, 0, 0, '2021-03-04 18:52:08', '2021-03-04 18:57:24'),
(56, '2021-03-04', 'ابراهيم المحلاوى', 'ابراهيم', '1278', 'default.png', 'مول البستان', '[\"01025445384\"]', '1', 2750.00, NULL, NULL, NULL, 1, 0, 0, '2021-03-04 19:51:07', '2021-03-07 19:20:30'),
(58, '2021-03-08', 'كمبيو ماجيك - بدر', NULL, '281121', 'default.png', '......', '[\"01000000000\"]', '3', 81000.00, NULL, 31000.00, 21, 2, 0, 0, '2021-03-08 19:21:28', '2021-03-08 19:25:12'),
(59, '2021-03-08', 'محمد المعادى', 'محمد', '827823', 'default.png', 'المعادى', '[\"01000000000\"]', '2', 4000.00, 21, NULL, NULL, 2, 0, 0, '2021-03-08 21:04:51', '2021-04-06 23:35:15'),
(60, '2021-03-11', 'الفا كمبيوتر', 'محمد', '957298', 'default.png', 'المهندسين', '[\"01111111111\"]', '1', 15100.00, NULL, NULL, NULL, 2, 0, 0, '2021-03-11 20:57:11', '2021-03-11 20:59:50'),
(61, '2021-03-11', 'شركة المصرية - اسلام الشاذلى', 'وائل', '564464', 'default.png', '19 أ شارع الخليفه المأمون - مصر الجديده - القاهره - مصر', '[\"01141818641\"]', '2', 4800.00, 21, NULL, NULL, 2, 0, 0, '2021-03-13 20:49:05', '2021-03-13 20:50:04'),
(62, '2021-03-11', 'شركة بوينت تريد', 'ايهاب', '80695', 'default.png', 'مساكن شيراتون', '[\"01007525734\"]', '2', 8550.00, 21, NULL, NULL, 2, 0, 0, '2021-03-13 20:51:16', '2021-03-13 20:52:30'),
(63, '2021-03-14', 'محمد العباسى', 'محمد', '764414', 'default.png', 'البستان - تحرير', '[\"01111111111\"]', '1', 68756.00, NULL, NULL, NULL, 2, 1, 0, '2021-03-14 22:06:12', '2021-03-18 17:58:30'),
(64, '2021-03-17', 'محمد المعادى', 'محمد', '322266', 'default.png', 'المعادى', '[\"01000000000\"]', '2', 22500.00, 21, NULL, NULL, 2, 2, 0, '2021-03-21 19:27:17', '2021-03-21 19:29:46'),
(65, '2021-03-17', 'ايزى تك', 'هشام', '436904', 'default.png', 'البستان - تحرير', '[\"01111111111\"]', '2', 36000.00, 21, NULL, NULL, 2, 0, 0, '2021-03-21 19:28:46', '2021-03-21 19:29:22'),
(66, '2021-03-23', 'رامى سوفت وير -مورد', 'شيماء', '700656', 'default.png', '......', '[\"01000000000\"]', '2', 114500.00, NULL, NULL, NULL, 2, 2, 0, '2021-03-23 17:06:29', '2021-03-23 17:25:19'),
(67, '2021-03-23', 'الرواد ستى مول', 'شيماء', '599770', 'default.png', 'ستى مول التحرير', '[\"01000000000\"]', '2', 10925.00, 7, NULL, NULL, 2, 0, 0, '2021-03-24 01:37:42', '2021-03-24 01:38:19'),
(68, '2021-03-28', 'بوينت', 'ايهاب', '352125', 'default.png', 'مساكن صقر قريش - شيراتون', '[\"0222690761\"]', '2', 5800.00, 21, NULL, NULL, 1, 0, 0, '2021-03-28 16:21:17', '2021-03-28 16:22:41'),
(69, '2021-04-06', 'محمد المعادى', 'محمد', '349712', 'default.png', 'المعادى', '[\"01000000000\",\"01000000000\"]', '2', 0.00, 21, NULL, NULL, 2, 2, 0, '2021-04-06 21:11:46', '2021-04-06 23:36:07');

-- --------------------------------------------------------

--
-- Table structure for table `bounceds`
--

CREATE TABLE `bounceds` (
  `id` int(11) NOT NULL,
  `return_type` int(11) NOT NULL,
  `bill_number_o` varchar(255) CHARACTER SET utf8 NOT NULL,
  `bill_number_b` varchar(255) NOT NULL,
  `Varieties_number` int(11) NOT NULL,
  `products` text CHARACTER SET utf8 NOT NULL,
  `quantity` text CHARACTER SET utf8 NOT NULL,
  `serial_numbers` text CHARACTER SET utf8,
  `status` tinyint(4) NOT NULL DEFAULT '0',
  `status_userId` int(11) DEFAULT NULL,
  `add_by` int(11) NOT NULL,
  `update_by` int(11) NOT NULL DEFAULT '0',
  `notes` text CHARACTER SET utf8,
  `created_at` timestamp NULL DEFAULT NULL,
  `updated_at` timestamp NULL DEFAULT NULL
) ENGINE=MyISAM DEFAULT CHARSET=latin1;

--
-- Dumping data for table `bounceds`
--

INSERT INTO `bounceds` (`id`, `return_type`, `bill_number_o`, `bill_number_b`, `Varieties_number`, `products`, `quantity`, `serial_numbers`, `status`, `status_userId`, `add_by`, `update_by`, `notes`, `created_at`, `updated_at`) VALUES
(6, 2, '', '84194', 1, '[\"Windows Server 2019 \\u0643\\u0648\\u062f :- C02-P5381\"]', '[\"1\"]', '[]', 0, NULL, 2, 0, NULL, '2021-02-15 19:17:46', '2021-02-15 19:17:46');

-- --------------------------------------------------------

--
-- Table structure for table `categories`
--

CREATE TABLE `categories` (
  `id` bigint(20) UNSIGNED NOT NULL,
  `father_cat` int(11) DEFAULT NULL,
  `add_by` int(11) NOT NULL,
  `update_by` int(11) NOT NULL DEFAULT '0',
  `created_at` timestamp NULL DEFAULT NULL,
  `updated_at` timestamp NULL DEFAULT NULL
) ENGINE=InnoDB DEFAULT CHARSET=utf8;

--
-- Dumping data for table `categories`
--

INSERT INTO `categories` (`id`, `father_cat`, `add_by`, `update_by`, `created_at`, `updated_at`) VALUES
(1, 0, 1, 0, '2021-02-02 18:57:48', '2021-02-02 18:57:48'),
(2, 0, 1, 0, '2021-02-02 19:03:13', '2021-02-02 19:03:13'),
(3, 0, 1, 0, '2021-02-02 19:03:26', '2021-02-02 19:03:26'),
(5, 0, 2, 0, '2021-02-08 18:46:42', '2021-02-08 18:46:42'),
(6, 0, 2, 0, '2021-02-08 18:49:44', '2021-02-08 18:49:44'),
(7, 0, 2, 0, '2021-02-21 20:59:21', '2021-02-21 20:59:21'),
(8, 0, 2, 1, '2021-02-25 16:03:43', '2021-03-18 14:32:57');

-- --------------------------------------------------------

--
-- Table structure for table `category_translations`
--

CREATE TABLE `category_translations` (
  `id` bigint(20) UNSIGNED NOT NULL,
  `category_id` int(10) UNSIGNED NOT NULL,
  `name` varchar(191) NOT NULL,
  `locale` varchar(191) NOT NULL
) ENGINE=InnoDB DEFAULT CHARSET=utf8;

--
-- Dumping data for table `category_translations`
--

INSERT INTO `category_translations` (`id`, `category_id`, `name`, `locale`) VALUES
(1, 1, 'Accessories', 'ar'),
(2, 1, 'Accessories', 'en'),
(3, 2, 'Software', 'ar'),
(4, 2, 'Software', 'en'),
(5, 3, 'PC', 'ar'),
(6, 3, 'PC', 'en'),
(9, 5, 'Printer', 'ar'),
(10, 5, 'Printer', 'en'),
(11, 6, 'Note book', 'ar'),
(12, 6, 'Note book', 'en'),
(13, 7, 'NETWORK', 'ar'),
(14, 7, 'NETWORK', 'en'),
(15, 8, 'Hardware', 'ar'),
(16, 8, 'Hardware', 'en');

-- --------------------------------------------------------

--
-- Table structure for table `clients`
--

CREATE TABLE `clients` (
  `id` bigint(20) UNSIGNED NOT NULL,
  `name` varchar(191) NOT NULL,
  `phone` varchar(191) NOT NULL,
  `address` text NOT NULL,
  `add_by` int(11) NOT NULL,
  `update_by` int(11) NOT NULL DEFAULT '0',
  `created_at` timestamp NULL DEFAULT NULL,
  `updated_at` timestamp NULL DEFAULT NULL,
  `trans` int(11) DEFAULT '0'
) ENGINE=InnoDB DEFAULT CHARSET=utf8;

--
-- Dumping data for table `clients`
--

INSERT INTO `clients` (`id`, `name`, `phone`, `address`, `add_by`, `update_by`, `created_at`, `updated_at`, `trans`) VALUES
(1, 'سوفت برو المهندسين', '[\"01000000000\"]', 'المهندسين', 9, 0, '2021-02-02 23:28:47', '2021-02-02 23:28:47', 0),
(2, 'ابراهيم المحلاوى', '[\"01025445384\"]', 'وسط البلد', 3, 0, '2021-02-02 23:34:57', '2021-02-02 23:34:57', 0),
(3, 'هيثم سمير', '[\"01027991555\"]', 'روض الفرج', 3, 0, '2021-02-02 23:41:29', '2021-02-02 23:41:29', 0),
(4, 'شانيل', '[\"01223994492\"]', 'المهندسين', 8, 0, '2021-02-03 19:41:05', '2021-02-04 21:26:39', 0),
(5, 'عميل نقدي', '[\"01000000000\"]', 'بابا اللوق', 3, 0, '2021-02-03 20:41:41', '2021-02-09 20:35:26', 0),
(6, 'احمد الاشهب', '[\"01023467888\"]', 'عين شمس', 8, 0, '2021-02-03 22:54:18', '2021-02-04 21:26:05', 0),
(8, 'كمبيو سينس - عميل', '[\"01000000000\"]', 'المهندسين', 9, 0, '2021-02-03 23:16:24', '2021-02-04 22:30:24', 0),
(9, 'محمد المنياوي', '[\"01111812432\"]', 'السيده عاىشه', 3, 0, '2021-02-03 23:23:13', '2021-03-03 22:04:22', 1),
(10, 'منال عبد الطيف', '[\"01062187007\"]', 'القطاميه', 3, 0, '2021-02-04 18:00:09', '2021-02-04 18:00:09', 0),
(11, 'شركة كالار هوس', '[\"01222775013\"]', 'شبرا', 8, 0, '2021-02-04 21:24:19', '2021-02-04 21:25:40', 0),
(12, 'شركة تراست', '[\"01006353281\"]', 'كمبيو ستى - المهندسين', 2, 0, '2021-02-04 23:38:51', '2021-02-04 23:38:51', 0),
(13, 'جيجا بيت دمياط - وليد', '[\"01001816122\"]', 'دمياط', 8, 0, '2021-02-06 22:05:23', '2021-02-06 22:11:10', 0),
(14, 'شركة تكنو راى', '[\"01065529902\"]', 'مصر الجديدة', 9, 0, '2021-02-07 19:26:03', '2021-02-07 19:48:23', 0),
(17, 'سوفت برو - سعيد', '[\"01000000001\"]', 'المهندسين', 9, 0, '2021-02-08 16:38:18', '2021-02-08 22:29:30', 0),
(18, 'كونكت يونيون -عميل', '[\"01022271305\"]', 'مساكن شيراتون', 2, 0, '2021-02-08 19:01:20', '2021-02-08 19:01:20', 0),
(19, 'محمد شوقى الغردقه - عميل', '[\"01000000002\"]', 'الغردقة - البحر الاحمر', 9, 0, '2021-02-08 19:04:44', '2021-02-08 22:29:15', 0),
(20, 'تايم تكنولوجى -عميل', '[\"01093112116\"]', 'كمبيو ستى - المهندسين', 2, 0, '2021-02-08 22:31:00', '2021-02-08 22:31:00', 0),
(21, 'كمبيو تريد', '[\".............\"]', 'البستان - التحرير', 9, 0, '2021-02-09 23:28:20', '2021-02-10 00:16:51', 0),
(22, 'ايجى تك', '[\"01014955335\"]', 'البستان - التحرير', 9, 0, '2021-02-09 23:32:31', '2021-02-10 00:16:41', 0),
(23, 'ايجبت لاب توب', '[\"01000000000\"]', 'البستان- التحرير', 9, 0, '2021-02-10 00:04:52', '2021-02-10 00:16:33', 0),
(24, 'مارك', '[\"01270754985\"]', '.', 1, 0, '2021-02-10 17:37:29', '2021-02-10 17:37:29', 0),
(25, 'سمارت اي تي نتورك -عميل', '[\"01016003264\"]', 'البستان - التحرير', 9, 0, '2021-02-10 19:14:51', '2021-02-10 19:18:17', 0),
(26, 'شركة ecs - محمود', '[\"01111302262\"]', 'الدقى', 2, 0, '2021-02-10 20:14:18', '2021-02-10 20:14:18', 0),
(27, 'رامي  الوراقي', '[\"01096251000\"]', 'النزهه الجديده جسر السويس', 3, 0, '2021-02-11 18:49:58', '2021-02-11 18:49:58', 0),
(28, 'شيماء عبد المعبود', '[\"01020065019\"]', 'امبابة', 3, 0, '2021-02-12 00:00:10', '2021-02-12 00:00:10', 0),
(29, 'بولا عادل', '[\"01288019733\"]', 'حدائق القبة', 2, 0, '2021-02-14 21:18:04', '2021-02-14 21:54:33', 0),
(30, 'ماستر تك', '[\"01007794278\"]', 'المهندسين', 2, 0, '2021-02-15 18:38:31', '2021-02-15 18:38:31', 0),
(31, 'شركة دريم لاند للملاهى -عميل', '[\"01117657377\"]', '6 اكتوبر', 2, 0, '2021-02-15 21:42:28', '2021-02-15 21:42:28', 0),
(32, 'نقدى عين شمس', '[\"01114626113\"]', 'عين شمس', 3, 0, '2021-02-15 22:32:16', '2021-03-14 19:16:28', 1),
(33, 'A&A', '[\"01288792919\"]', '6 اكتوبر', 2, 0, '2021-02-15 23:49:42', '2021-02-15 23:49:42', 0),
(34, 'B.I.T', '[\"01001165684\"]', 'البستان - التحرير', 2, 0, '2021-02-16 00:29:14', '2021-02-16 00:29:14', 0),
(35, 'بلولين', '[\"01010101010\"]', 'الدقى', 9, 0, '2021-02-17 20:32:55', '2021-02-18 00:42:51', 1),
(36, 'سعيد دلتا كمبيوتر', '[\"01152381844\"]', 'مدينة نصر', 8, 0, '2021-02-18 18:34:29', '2021-03-04 18:58:30', 1),
(37, 'شرق اسيا', '[\"01000298421\"]', 'البستان - باب اللوق', 2, 0, '2021-02-18 20:41:30', '2021-02-18 20:41:30', 0),
(38, 'محمد يحي - المنيا', '[\"01060673147\"]', 'المنيا', 2, 0, '2021-02-18 21:07:37', '2021-02-18 22:38:29', 0),
(39, 'العلاء نجع حمادي', '[\"01094123336\"]', 'نجع حمادي', 8, 0, '2021-02-20 20:30:38', '2021-02-20 20:30:38', 0),
(40, 'احمد حسن شرق اسيا', '[\"01000000000\"]', 'مصر الجديدة', 2, 0, '2021-02-22 22:25:49', '2021-02-22 22:25:49', 0),
(41, 'توب تيم', '[\"01000000000\"]', 'البستان - التحرير', 2, 0, '2021-02-24 20:08:43', '2021-02-24 20:08:43', 0),
(42, 'محمد يحيي المنيا', '[\"01060673147\"]', 'المنيا', 3, 0, '2021-02-24 21:14:59', '2021-02-24 21:14:59', 0),
(43, 'الفا كمبيوتر', '[\"01000000000\"]', 'التحرير - البستان', 2, 0, '2021-02-25 18:26:33', '2021-02-25 18:26:33', 0),
(46, 'فارس هايبر تك', '[\"01227706778\"]', 'شيماء', 9, 0, '2021-03-01 19:08:26', '2021-03-01 20:04:30', 1),
(47, 'فرست سيتي مول', '[\"011151000516\"]', 'وسط البلد', 3, 0, '2021-03-01 19:29:49', '2021-03-01 19:29:49', 0),
(48, 'تامر كمبيو ساينس', '[\"01000000000\"]', 'مصر الجديدة', 9, 0, '2021-03-01 19:42:39', '2021-03-01 20:04:14', 1),
(49, 'شرق اسيا', '[\"01000000000\"]', 'مول سفنكس', 8, 0, '2021-03-01 20:24:16', '2021-03-01 20:24:24', 1),
(50, 'براند نيو', '[\"01000000000\"]', 'البستان - التحرير', 2, 0, '2021-03-03 21:41:02', '2021-03-03 21:41:02', 0),
(51, 'عزت نجيب - الجيزة', '[\"01000116599\"]', 'الجيزه', 9, 0, '2021-03-04 19:59:03', '2021-03-07 22:06:02', 1),
(53, 'محمد - فون هاوس', '[\"01127876747\"]', 'البساتين', 8, 0, '2021-03-07 18:06:55', '2021-03-07 18:06:55', 0),
(54, 'مؤسسة كازما - يوسف', '[\"01007756065\",\"01026660400\"]', 'المنصورة', 8, 0, '2021-03-10 21:05:41', '2021-03-10 21:14:57', 1),
(55, 'محمد الفا سيتي مول', '[\"01000138606\"]', 'التحرير', 3, 0, '2021-03-11 20:48:31', '2021-03-11 20:48:48', 1),
(56, 'الشرقاوى مورد', '[\"0106574140\"]', 'الشرقيه', 3, 0, '2021-03-14 20:55:55', '2021-03-14 20:55:55', 0),
(57, 'حمدى الحرمين', '[\"01005319912\"]', 'المهندسين', 9, 0, '2021-03-15 17:53:24', '2021-03-15 17:53:37', 1),
(58, 'الهدي كمبيوتر', '[\"01000372161\"]', 'البستان مول', 8, 0, '2021-03-16 23:33:28', '2021-03-16 23:33:28', 0),
(59, 'المصريه الحديثه', '[\"01027991555\"]', 'بولاق الدكرور', 3, 0, '2021-03-17 00:28:56', '2021-03-17 00:28:56', 0),
(60, 'Cat c', '[\"01027991555\"]', 'وسط البلد', 3, 1, '2021-03-17 15:55:22', '2021-03-17 17:39:37', 0),
(61, 'تريند - أحمد على', '[\"01006353281\"]', 'المهندسين - مول كومبو ستى فوق مترو - الأول', 9, 0, '2021-03-17 18:03:24', '2021-03-17 18:15:16', 1),
(62, 'ايمن', '[\"01557154000\"]', 'وسط البلد', 3, 0, '2021-03-17 23:46:01', '2021-03-18 14:46:30', 1),
(63, 'جو بلاس', '[\"01000000000\"]', 'البستان - التحرير', 2, 0, '2021-03-21 19:35:33', '2021-03-21 19:35:33', 0),
(64, 'نقدي باسم', '[\"01114626113\"]', 'عيد شمس', 13, 0, '2021-03-21 21:26:38', '2021-03-21 21:26:38', 0),
(66, 'محمد خضر', '[\"01\\u06302222222222\"]', 'وسط البلد', 3, 0, '2021-03-22 23:57:27', '2021-03-22 23:57:27', 0),
(67, 'كمبيو ستورز', '[\"01000000000\"]', 'مدينة نصر', 2, 0, '2021-03-29 22:36:25', '2021-03-29 22:36:25', 0),
(68, 'محمد امام مول الاسيوطى', '[\"01001196430\"]', 'مصر الجديدة', 2, 0, '2021-04-06 21:15:27', '2021-04-06 21:15:27', 0);

-- --------------------------------------------------------

--
-- Table structure for table `historydeletes`
--

CREATE TABLE `historydeletes` (
  `id` int(11) NOT NULL,
  `type` int(11) NOT NULL,
  `type_id` int(11) NOT NULL,
  `info_one` varchar(255) CHARACTER SET utf8 DEFAULT NULL,
  `info_two` varchar(255) CHARACTER SET utf8 DEFAULT NULL,
  `info_three` varchar(255) CHARACTER SET utf8 DEFAULT NULL,
  `user_id` int(11) NOT NULL,
  `created_at` timestamp NULL DEFAULT NULL,
  `updated_at` timestamp NULL DEFAULT NULL,
  `status` tinyint(4) DEFAULT '0'
) ENGINE=MyISAM DEFAULT CHARSET=latin1;

--
-- Dumping data for table `historydeletes`
--

INSERT INTO `historydeletes` (`id`, `type`, `type_id`, `info_one`, `info_two`, `info_three`, `user_id`, `created_at`, `updated_at`, `status`) VALUES
(1, 1, 240, 'نقدى عين شمس', '1', '120', 2, '2021-03-07 22:29:00', '2021-03-21 18:14:31', 1),
(2, 1, 252, 'نقدى عين شمس', '1', '120', 2, '2021-03-07 22:31:03', '2021-03-07 22:31:03', 0),
(3, 1, 255, 'نقدى عين شمس', '1', '620', 2, '2021-03-07 22:40:33', '2021-03-07 22:40:33', 0),
(4, 3, 45, 'نقدى-محل', '[\"01114626113\"]', NULL, 2, '2021-03-07 22:54:52', '2021-03-07 22:54:52', 0),
(5, 1, 151, 'شرق اسيا', '2', '13900', 1, '2021-03-07 23:51:02', '2021-03-07 23:51:02', 0),
(6, 1, 259, 'ايجى تك', '2', '140000', 1, '2021-03-07 23:54:36', '2021-03-07 23:54:36', 0),
(7, 1, 260, 'ايجى تك', '2', '14000', 2, '2021-03-08 00:35:14', '2021-03-08 00:35:14', 0),
(8, 1, 261, 'ايجبت لاب توب', '2', '14000', 2, '2021-03-08 01:49:04', '2021-03-08 01:49:04', 0),
(9, 1, 251, 'محمد - فون هاوس', '1', '745', 3, '2021-03-08 18:51:22', '2021-03-08 18:51:22', 0),
(10, 1, 265, 'محمد - فون هاوس', '1', '745', 3, '2021-03-08 18:52:33', '2021-03-08 18:52:33', 0),
(11, 1, 263, 'شيماء عبد المعبود', '1', '60', 2, '2021-03-08 19:28:23', '2021-03-08 19:28:23', 0),
(12, 1, 267, 'شركة تكنو راى', '1', '17600', 2, '2021-03-08 19:28:51', '2021-03-08 19:28:51', 0),
(13, 11, 278, 'شركة تكنو راى', '1', '16700', 2, '2021-03-11 21:13:39', '2021-03-11 21:13:39', 0),
(14, 11, 277, 'محمد الفا سيتي مول', '1', '625', 1, '2021-03-11 22:16:51', '2021-03-11 22:16:51', 0),
(15, 1, 281, 'محمد الفا سيتي مول', '2', '100', 1, '2021-03-12 03:29:51', '2021-03-12 03:29:51', 0),
(16, 11, 266, 'محمد - فون هاوس', '1', '745', 2, '2021-03-13 21:06:30', '2021-03-13 21:06:30', 0),
(17, 11, 274, 'نقدى عين شمس', '1', '685', 2, '2021-03-14 20:13:44', '2021-03-14 20:13:44', 0),
(18, 1, 286, 'مؤسسة كازما - يوسف', '1', '1000', 8, '2021-03-14 20:26:04', '2021-03-14 20:26:04', 0),
(19, 11, 272, 'نقدى عين شمس', '1', '275', 2, '2021-03-14 20:26:15', '2021-03-14 20:26:15', 0),
(20, 11, 285, 'نقدى عين شمس', '1', '440', 2, '2021-03-14 20:29:38', '2021-03-14 20:29:38', 0),
(21, 11, 291, 'الشرقاوى مورد', '1', '13092', 3, '2021-03-14 22:00:06', '2021-03-14 22:00:06', 0),
(22, 11, 292, 'الشرقاوى مورد', '1', '13580', 1, '2021-03-14 22:04:47', '2021-03-14 22:04:47', 0),
(23, 11, 275, 'ابراهيم المحلاوى', '2', '250', 2, '2021-03-14 22:27:07', '2021-03-14 22:27:07', 0),
(24, 11, 293, 'الشرقاوى مورد', '1', '13763', 1, '2021-03-14 23:08:22', '2021-03-14 23:08:22', 0),
(25, 11, 295, 'الشرقاوى مورد', '1', '14125', 1, '2021-03-14 23:10:51', '2021-03-14 23:10:51', 0),
(26, 11, 238, 'شرق اسيا', '2', '1650', 2, '2021-03-14 23:34:32', '2021-03-14 23:34:32', 0),
(27, 11, 233, 'فرست سيتي مول', '3', '2502.5', 2, '2021-03-14 23:38:37', '2021-03-14 23:38:37', 0),
(28, 1, 299, 'حمدى الحرمين', '2', '5250', 2, '2021-03-15 19:31:14', '2021-03-15 19:31:14', 0),
(29, 1, 303, 'الهدي كمبيوتر', '1', '1500', 1, '2021-03-17 00:03:10', '2021-03-17 00:03:10', 0),
(30, 11, 304, 'الشرقاوى مورد', '1', '1500', 1, '2021-03-17 00:04:31', '2021-03-17 00:04:31', 0),
(31, 1, 305, 'الشرقاوى مورد', '1', '3000', 1, '2021-03-17 00:05:32', '2021-03-17 00:05:32', 0),
(32, 11, 268, 'شركة تكنو راى', '1', '88000', 2, '2021-03-17 02:22:53', '2021-03-17 02:22:53', 0),
(33, 11, 308, 'المصريه الحديثه', '1', '170873.1', 2, '2021-03-17 02:26:25', '2021-03-17 02:26:25', 0),
(34, 11, 311, 'المصريه الحديثه', '2', '9008.1', 1, '2021-03-17 15:39:06', '2021-03-17 15:39:06', 0),
(35, 11, 312, 'المصريه الحديثه', '2', '9633.1', 3, '2021-03-17 15:51:39', '2021-03-17 15:51:39', 0),
(36, 5, 325, 'test', 'C01-P9985', NULL, 1, '2021-03-17 17:12:44', '2021-03-17 17:12:44', 0),
(37, 11, 313, 'المصريه الحديثه', '2', '9633.1', 1, '2021-03-17 17:13:58', '2021-03-17 17:13:58', 0),
(38, 11, 316, 'تريند - أحمد على', '1', '6800', 2, '2021-03-17 18:14:10', '2021-03-17 18:14:10', 0),
(39, 10, 16, 'tesr@elnourtech.com', '0', NULL, 1, '2021-03-17 19:15:29', '2021-03-17 19:15:29', 0),
(40, 11, 320, 'ايمن', '1', '30', 3, '2021-03-17 23:58:37', '2021-03-17 23:58:37', 0),
(41, 5, 329, 'test', 'C01-P641', NULL, 1, '2021-03-18 17:46:12', '2021-03-18 17:46:12', 0),
(42, 5, 328, 'test', 'C01-P3972', NULL, 1, '2021-03-18 17:46:16', '2021-03-18 17:46:16', 0),
(43, 5, 331, 'test', 'C01-P1404', NULL, 1, '2021-03-18 17:58:22', '2021-03-18 17:58:22', 0),
(44, 5, 330, 'test', 'C01-P7887', NULL, 1, '2021-03-18 17:58:30', '2021-03-18 17:58:30', 0),
(45, 1, 323, 'ايمن', '1', '100', 1, '2021-03-20 17:41:16', '2021-03-20 17:41:16', 0),
(46, 1, 324, 'ايمن', '1', '100', 1, '2021-03-20 18:23:29', '2021-03-20 18:23:29', 0),
(47, 11, 307, 'سعيد دلتا كمبيوتر', '2', '8166', 1, '2021-03-21 17:13:13', '2021-03-21 17:13:13', 0),
(48, 11, 325, 'سعيد دلتا كمبيوتر', '2', '8390', 1, '2021-03-21 17:14:01', '2021-03-21 17:14:01', 0),
(49, 11, 319, 'سوفت برو - سعيد', '2', '8000', 2, '2021-03-21 19:14:21', '2021-03-21 19:14:21', 0),
(50, 11, 328, 'تامر كمبيو ساينس', '2', '4500', 2, '2021-03-21 19:20:42', '2021-03-21 19:20:42', 0),
(51, 1, 332, 'نقدي باسم', '1', '320', 13, '2021-03-21 21:44:05', '2021-03-21 21:44:05', 0),
(52, 11, 306, 'الهدي كمبيوتر', '2', '2094', 2, '2021-03-22 23:06:25', '2021-03-22 23:06:25', 0),
(53, 11, 340, 'هيثم سمير', '1', '15', 3, '2021-03-23 00:32:00', '2021-03-23 00:32:00', 0),
(54, 3, 65, 'محمد خضر', '[\"01\\u06302222222222\"]', NULL, 2, '2021-03-23 16:26:46', '2021-03-23 16:35:12', 1),
(55, 11, 345, 'الفا كمبيوتر', '2', '13125', 2, '2021-03-24 01:58:08', '2021-03-24 01:58:08', 0),
(56, 11, 346, 'الفا كمبيوتر', '2', '13125', 2, '2021-03-24 01:59:04', '2021-03-24 01:59:04', 0),
(57, 1, 348, 'محمد خضر', '1', '100', 1, '2021-03-24 16:27:34', '2021-03-24 16:27:34', 0),
(58, 11, 315, 'المصريه الحديثه', '2', '9728.1', 1, '2021-03-28 17:27:40', '2021-03-28 17:27:40', 0),
(59, 11, 350, 'سعيد دلتا كمبيوتر', '2', '6500', 1, '2021-03-28 17:36:45', '2021-03-28 17:36:45', 0),
(60, 11, 349, 'المصريه الحديثه', '2', '6190.6', 3, '2021-03-28 18:03:47', '2021-03-28 18:03:47', 0),
(61, 11, 296, 'الشرقاوى مورد', '1', '13834.5', 3, '2021-03-28 18:15:13', '2021-03-28 18:15:13', 0),
(62, 11, 351, 'سعيد دلتا كمبيوتر', '2', '7535', 1, '2021-03-28 20:28:24', '2021-03-28 20:28:24', 0),
(63, 1, 322, 'Cat c', '1', '2295', 1, '2021-03-29 21:23:11', '2021-03-29 21:23:11', 0),
(64, 11, 352, 'المصريه الحديثه', '2', '9342.1', 1, '2021-03-29 21:30:20', '2021-03-29 21:30:20', 0);

-- --------------------------------------------------------

--
-- Table structure for table `last_price_product_order`
--

CREATE TABLE `last_price_product_order` (
  `id` int(11) NOT NULL,
  `product_id` int(11) NOT NULL,
  `order_id` int(11) NOT NULL,
  `last_price` double(8,2) NOT NULL
) ENGINE=MyISAM DEFAULT CHARSET=latin1;

--
-- Dumping data for table `last_price_product_order`
--

INSERT INTO `last_price_product_order` (`id`, `product_id`, `order_id`, `last_price`) VALUES
(1, 1, 1, 500.00),
(2, 1, 2, 500.00),
(3, 86, 3, 150.00),
(4, 37, 3, 15.00),
(5, 42, 3, 10.00),
(6, 8, 4, 100.00),
(7, 86, 5, 150.00),
(8, 37, 5, 15.00),
(9, 42, 5, 10.00),
(10, 37, 6, 10.00),
(11, 100, 6, 140.00),
(12, 8, 7, 100.00),
(13, 37, 8, 10.00),
(14, 100, 8, 140.00),
(15, 45, 9, 35.00),
(16, 8, 10, 100.00),
(17, 8, 11, 100.00),
(18, 8, 12, 100.00),
(19, 8, 13, 100.00),
(20, 8, 14, 100.00),
(21, 2, 15, 1750.00),
(22, 45, 16, 30.00),
(23, 45, 17, 35.00),
(24, 41, 18, 20.00),
(25, 41, 19, 20.00),
(26, 30, 19, 20.00),
(27, 30, 20, 20.00),
(28, 40, 20, 20.00),
(29, 8, 21, 100.00),
(30, 2, 22, 1700.00),
(31, 234, 22, 1700.00),
(32, 8, 23, 100.00),
(33, 2, 24, 1700.00),
(34, 234, 24, 1700.00),
(35, 59, 25, 2.40),
(36, 61, 25, 4.50),
(37, 58, 25, 4.00),
(38, 65, 25, 4.50),
(39, 46, 26, 29.00),
(40, 46, 27, 29.00),
(41, 25, 28, 8.95),
(42, 81, 28, 10.50),
(43, 234, 29, 1700.00),
(49, 68, 35, 11.00),
(48, 8, 34, 100.00),
(47, 78, 33, 24.00),
(50, 237, 36, 1.82),
(51, 49, 37, 24.00),
(52, 238, 38, 200.00),
(53, 239, 39, 100.00),
(54, 239, 40, 100.00),
(55, 239, 41, 100.00),
(56, 25, 42, 8.95),
(57, 81, 42, 10.50),
(58, 240, 43, 1000.00),
(59, 25, 44, 8.95),
(60, 81, 44, 10.50),
(61, 28, 44, 80.00),
(62, 8, 45, 100.00),
(63, 241, 46, 1300.00),
(64, 242, 47, 135.00),
(65, 94, 47, 7.50),
(66, 242, 48, 135.00),
(67, 94, 48, 7.50),
(68, 242, 49, 135.00),
(69, 94, 49, 7.50),
(80, 64, 56, 7.50),
(99, 245, 64, 1200.00),
(98, 1, 63, 900.00),
(97, 1, 62, 500.00),
(81, 79, 56, 10.50),
(100, 247, 64, 250.00),
(101, 246, 64, 250.00),
(102, 244, 65, 4300.00),
(104, 248, 67, 1280.00),
(105, 1, 68, 650.00),
(106, 234, 68, 1800.00),
(109, 37, 71, 5.25),
(110, 38, 71, 8.40),
(124, 39, 85, 7.50),
(112, 233, 73, 150.00),
(115, 101, 76, 160.00),
(116, 249, 77, 12000.00),
(123, 45, 84, 18.00),
(171, 234, 106, 1850.00),
(170, 253, 106, 5200.00),
(169, 1, 106, 550.00),
(128, 1, 87, 500.00),
(129, 2, 87, 1850.00),
(130, 254, 88, 4400.00),
(131, 78, 89, 14.00),
(132, 99, 89, 160.00),
(133, 236, 89, 160.00),
(134, 13, 89, 45.00),
(135, 14, 89, 60.00),
(136, 113, 89, 45.00),
(187, 182, 114, 25.00),
(186, 13, 114, 60.00),
(140, 260, 92, 1200.00),
(141, 233, 92, 500.00),
(142, 37, 93, 5.25),
(143, 9, 93, 16.00),
(540, 77, 202, 55.00),
(149, 86, 99, 130.00),
(167, 16, 104, 8.75),
(166, 19, 104, 20.00),
(165, 28, 104, 87.00),
(164, 86, 104, 130.00),
(163, 73, 103, 23.00),
(162, 37, 103, 11.00),
(161, 261, 103, 11.00),
(168, 1, 105, 550.00),
(172, 1, 107, 550.00),
(173, 263, 108, 4800.00),
(195, 139, 117, 125.00),
(194, 160, 117, 10.00),
(193, 169, 116, 120.00),
(190, 160, 115, 10.00),
(189, 114, 115, 70.00),
(188, 118, 115, 135.00),
(192, 264, 116, 3.00),
(191, 102, 116, 27.00),
(182, 265, 112, 965.00),
(183, 266, 112, 7.00),
(196, 267, 118, 22.00),
(197, 36, 118, 11.00),
(198, 37, 118, 10.50),
(199, 22, 119, 15.00),
(200, 38, 119, 9.00),
(201, 49, 119, 24.00),
(202, 100, 119, 120.00),
(203, 1, 120, 500.00),
(204, 101, 121, 185.00),
(222, 233, 139, 185.00),
(226, 3, 143, 200.00),
(229, 69, 146, 20.00),
(272, 1, 153, 500.00),
(433, 1, 171, 600.00),
(232, 271, 149, 13700.00),
(233, 89, 149, 11.00),
(387, 2, 167, 1500.00),
(668, 271, 262, 14000.00),
(610, 281, 235, 550.00),
(872, 59, 298, 3.00),
(871, 58, 298, 4.00),
(870, 15, 298, 9.00),
(869, 98, 298, 24.00),
(868, 91, 298, 60.00),
(867, 16, 298, 7.50),
(578, 291, 221, 550.00),
(609, 296, 234, 8100.00),
(596, 295, 228, 55.00),
(570, 86, 215, 130.00),
(564, 271, 208, 14000.00),
(563, 285, 207, 500.00),
(561, 262, 205, 900.00),
(560, 289, 205, 8100.00),
(559, 288, 205, 1300.00),
(543, 287, 203, 55.00),
(541, 287, 202, 55.00),
(542, 77, 203, 55.00),
(538, 286, 200, 965.00),
(537, 38, 199, 8.40),
(536, 9, 199, 17.75),
(558, 86, 204, 127.50),
(557, 140, 204, 23.25),
(556, 72, 204, 20.00),
(555, 66, 204, 14.00),
(554, 277, 204, 7.00),
(553, 100, 204, 119.00),
(552, 67, 204, 7.00),
(551, 83, 204, 12.00),
(550, 57, 204, 13.25),
(549, 71, 204, 17.00),
(548, 69, 204, 15.00),
(547, 76, 204, 13.00),
(546, 75, 204, 10.00),
(273, 274, 153, 4800.00),
(274, 5, 154, 4100.00),
(545, 50, 204, 17.25),
(544, 84, 204, 10.50),
(520, 60, 197, 84.00),
(519, 22, 197, 12.00),
(325, 270, 159, 20.00),
(324, 269, 159, 100.00),
(323, 268, 159, 18.00),
(326, 233, 160, 175.00),
(327, 101, 160, 275.00),
(516, 277, 194, 8.50),
(515, 99, 194, 155.00),
(502, 277, 186, 4.00),
(501, 9, 186, 15.00),
(500, 64, 186, 8.00),
(499, 99, 186, 160.00),
(498, 21, 186, 75.00),
(435, 5, 173, 4500.00),
(436, 115, 174, 120.00),
(444, 160, 177, 5.00),
(443, 139, 177, 130.00),
(439, 225, 176, 200.00),
(440, 158, 176, 50.00),
(441, 177, 176, 40.00),
(442, 124, 176, 20.00),
(622, 300, 243, 600.00),
(638, 137, 253, 120.00),
(492, 276, 184, 9500.00),
(488, 86, 182, 130.00),
(514, 85, 194, 10.00),
(508, 280, 189, 135.00),
(507, 278, 188, 80.00),
(506, 279, 188, 75.00),
(510, 259, 191, 550.00),
(511, 283, 192, 1300.00),
(512, 283, 193, 1300.00),
(513, 1, 193, 550.00),
(517, 233, 195, 185.00),
(518, 284, 196, 1200.00),
(608, 297, 234, 1300.00),
(594, 74, 227, 39.00),
(595, 38, 227, 9.00),
(601, 282, 232, 1650.00),
(611, 233, 236, 175.00),
(618, 43, 239, 7.00),
(617, 79, 239, 10.50),
(616, 38, 239, 8.40),
(866, 262, 297, 600.00),
(624, 301, 245, 350.00),
(718, 39, 283, 7.00),
(717, 287, 283, 55.00),
(716, 79, 283, 10.00),
(715, 77, 283, 55.00),
(714, 63, 283, 25.00),
(713, 62, 283, 24.00),
(712, 22, 283, 13.00),
(639, 221, 253, 100.00),
(640, 123, 254, 20.00),
(641, 293, 254, 25.00),
(642, 18, 254, 250.00),
(643, 124, 254, 20.00),
(657, 137, 256, 120.00),
(656, 139, 256, 140.00),
(655, 170, 256, 20.00),
(654, 136, 256, 130.00),
(653, 114, 256, 65.00),
(652, 113, 256, 60.00),
(651, 180, 256, 85.00),
(658, 121, 257, 35.00),
(659, 181, 258, 40.00),
(660, 134, 258, 35.00),
(661, 257, 258, 40.00),
(662, 220, 258, 10.00),
(663, 107, 258, 20.00),
(664, 147, 258, 50.00),
(687, 37, 269, 6.00),
(670, 91, 264, 60.00),
(905, 308, 310, 17600.00),
(688, 86, 270, 126.00),
(689, 309, 271, 5500.00),
(732, 306, 288, 110.00),
(731, 107, 288, 20.00),
(730, 217, 288, 10.00),
(729, 223, 288, 25.00),
(694, 134, 273, 40.00),
(695, 125, 273, 10.00),
(728, 228, 287, 300.00),
(727, 14, 287, 70.00),
(726, 216, 287, 10.00),
(725, 208, 287, 65.00),
(724, 108, 287, 260.00),
(815, 233, 294, 200.00),
(702, 53, 276, 210.00),
(708, 299, 280, 620.00),
(707, 299, 279, 850.00),
(706, 316, 279, 15800.00),
(710, 9, 282, 16.00),
(711, 37, 282, 5.25),
(719, 233, 284, 160.00),
(735, 116, 289, 290.00),
(734, 293, 289, 30.00),
(733, 139, 289, 120.00),
(736, 228, 290, 250.00),
(737, 125, 290, 10.00),
(738, 177, 290, 40.00),
(739, 124, 290, 20.00),
(740, 96, 290, 10.00),
(741, 221, 290, 120.00),
(742, 136, 290, 120.00),
(743, 212, 290, 40.00),
(744, 158, 290, 45.00),
(1086, 324, 353, 200.00),
(1085, 96, 353, 3.00),
(1084, 39, 353, 15.00),
(1083, 22, 353, 11.00),
(1082, 26, 353, 4.00),
(1081, 42, 353, 6.00),
(1080, 38, 353, 6.00),
(1079, 24, 353, 2.00),
(1078, 21, 353, 63.00),
(1077, 28, 353, 75.00),
(1076, 23, 353, 15.00),
(1075, 89, 353, 9.00),
(1074, 29, 353, 8.00),
(1073, 27, 353, 9.00),
(1072, 50, 353, 16.00),
(1071, 45, 353, 17.00),
(1070, 34, 353, 20.00),
(1069, 33, 353, 17.00),
(1068, 41, 353, 20.00),
(1067, 40, 353, 20.00),
(1066, 35, 353, 17.00),
(1065, 31, 353, 17.00),
(1064, 30, 353, 20.00),
(1063, 32, 353, 17.00),
(1062, 49, 353, 18.50),
(874, 282, 300, 1600.00),
(875, 9, 301, 15.75),
(876, 37, 301, 5.50),
(877, 291, 302, 575.00),
(1006, 87, 338, 15.00),
(1005, 88, 338, 19.00),
(1004, 8, 338, 70.00),
(983, 51, 326, 6.00),
(982, 15, 326, 4.50),
(981, 92, 326, 44.00),
(980, 90, 326, 60.00),
(979, 52, 326, 52.00),
(978, 12, 326, 70.00),
(977, 10, 326, 28.00),
(1112, 3, 355, 200.00),
(1111, 4, 355, 385.00),
(1110, 55, 355, 14.50),
(1109, 80, 355, 15.50),
(1108, 72, 355, 22.00),
(1107, 277, 355, 8.00),
(1106, 79, 355, 11.50),
(1105, 54, 355, 75.00),
(1104, 320, 355, 45.00),
(1103, 9, 355, 16.00),
(1102, 14, 355, 54.50),
(1101, 287, 355, 52.50),
(1100, 16, 355, 7.90),
(904, 233, 309, 160.00),
(906, 233, 310, 177.00),
(946, 86, 314, 130.00),
(961, 234, 317, 1700.00),
(962, 233, 318, 175.00),
(984, 272, 327, 1600.00),
(1113, 323, 356, 13900.00),
(966, 71, 321, 50.00),
(985, 262, 327, 525.00),
(987, 5, 329, 4500.00),
(988, 281, 329, 500.00),
(989, 233, 330, 160.00),
(990, 298, 331, 550.00),
(991, 291, 331, 550.00),
(993, 107, 333, 25.00),
(994, 124, 333, 20.00),
(995, 123, 333, 25.00),
(996, 14, 333, 70.00),
(997, 124, 334, 20.00),
(998, 211, 334, 40.00),
(999, 192, 335, 50.00),
(1000, 198, 335, 25.00),
(1001, 148, 335, 30.00),
(1002, 300, 336, 550.00),
(1003, 323, 337, 14000.00),
(1007, 8, 339, 80.00),
(1009, 87, 341, 15.00),
(1010, 334, 342, 550.00),
(1011, 333, 343, 500.00),
(1012, 332, 343, 500.00),
(1013, 299, 343, 500.00),
(1014, 291, 343, 500.00),
(1015, 2, 344, 2150.00),
(1021, 285, 347, 525.00),
(1020, 336, 347, 525.00),
(1088, 11, 354, 45.00),
(1087, 337, 354, 65.00),
(1099, 60, 355, 86.00),
(1098, 59, 355, 2.50),
(1097, 58, 355, 4.50),
(1096, 71, 355, 19.00),
(1095, 77, 355, 54.60),
(1094, 98, 355, 24.50),
(1093, 11, 355, 40.00),
(1092, 17, 355, 10.00),
(1091, 57, 355, 14.30),
(1090, 66, 355, 14.70),
(1089, 14, 354, 52.00),
(1114, 291, 357, 525.00),
(1115, 290, 358, 1450.00),
(1116, 285, 358, 550.00);

-- --------------------------------------------------------

--
-- Table structure for table `migrations`
--

CREATE TABLE `migrations` (
  `id` int(10) UNSIGNED NOT NULL,
  `migration` varchar(191) NOT NULL,
  `batch` int(11) NOT NULL
) ENGINE=InnoDB DEFAULT CHARSET=utf8;

--
-- Dumping data for table `migrations`
--

INSERT INTO `migrations` (`id`, `migration`, `batch`) VALUES
(12, '2020_03_16_104236_create_categories_table', 1),
(14, '2014_10_12_100000_create_password_resets_table', 2),
(15, '2020_03_08_112306_laratrust_setup_tables', 2),
(16, '2020_03_22_095211_create_clients_table', 2),
(17, '2014_10_12_000000_create_users_table', 3);

-- --------------------------------------------------------

--
-- Table structure for table `orders`
--

CREATE TABLE `orders` (
  `id` bigint(20) UNSIGNED NOT NULL,
  `client_id` int(10) UNSIGNED NOT NULL,
  `date` date DEFAULT NULL,
  `user_id` int(11) NOT NULL,
  `update_by` int(11) NOT NULL DEFAULT '0',
  `total_price` double(8,2) DEFAULT NULL,
  `status` tinyint(4) NOT NULL DEFAULT '0',
  `status_userId` int(11) DEFAULT NULL,
  `attainment` tinyint(4) NOT NULL DEFAULT '0',
  `transport` double(8,2) DEFAULT NULL,
  `discount` double(8,2) DEFAULT NULL,
  `payment_type` int(11) NOT NULL,
  `number_of_days` int(11) DEFAULT NULL,
  `partially_price` double(8,2) DEFAULT NULL,
  `the_rest_in_through` int(11) DEFAULT NULL,
  `shipping` int(11) DEFAULT NULL,
  `representative_id` int(11) DEFAULT NULL,
  `notes` text,
  `serial_numbers` text,
  `bounceds_s` tinyint(4) NOT NULL DEFAULT '0',
  `created_at` timestamp NULL DEFAULT NULL,
  `updated_at` timestamp NULL DEFAULT NULL,
  `trans` int(11) DEFAULT '0',
  `total_cost` double(8,2) NOT NULL
) ENGINE=InnoDB DEFAULT CHARSET=utf8;

--
-- Dumping data for table `orders`
--

INSERT INTO `orders` (`id`, `client_id`, `date`, `user_id`, `update_by`, `total_price`, `status`, `status_userId`, `attainment`, `transport`, `discount`, `payment_type`, `number_of_days`, `partially_price`, `the_rest_in_through`, `shipping`, `representative_id`, `notes`, `serial_numbers`, `bounceds_s`, `created_at`, `updated_at`, `trans`, `total_cost`) VALUES
(2, 1, '2021-02-14', 9, 0, 12500.00, 1, 3, 0, 0.00, NULL, 2, 21, NULL, NULL, 1, NULL, '1	03425069789902\r\n2	03425069790557\r\n3	03425069789903\r\n4	03425069790575\r\n5	03425069790576\r\n6	03425069789888\r\n7	03425069789940\r\n8	03425069789927\r\n9	03425069789928\r\n10	03425069789930\r\n11	03425069789890\r\n12	03425069789929\r\n13	03425069789889\r\n14	03425069789931\r\n15	03425069790493\r\n16	03425069789932\r\n17	03425069790503\r\n18	03425069790502\r\n19	03425069790504\r\n20	03425069790501\r\n21	03425069790500\r\n22	03425069790505\r\n23	03425069790499\r\n24	03425069790494\r\n25	03425069789960', NULL, 0, '2021-02-02 23:34:53', '2021-02-02 23:43:02', 0, 0.00),
(5, 2, '2021-02-14', 3, 0, 175.00, 1, 3, 0, 0.00, NULL, 2, 4, NULL, NULL, 1, NULL, NULL, NULL, 0, '2021-02-02 23:46:10', '2021-02-02 23:51:25', 0, 0.00),
(8, 3, '2021-02-14', 3, 0, 150.00, 1, 3, 1, 0.00, 5.00, 2, 1, NULL, NULL, 1, 1, NULL, NULL, 0, '2021-02-02 23:53:54', '2021-02-03 22:45:26', 0, 0.00),
(15, 4, '2021-02-14', 8, 0, 1750.00, 1, 2, 1, 0.00, 0.00, 2, 1, NULL, NULL, 1, NULL, NULL, NULL, 0, '2021-02-03 19:42:00', '2021-02-03 22:36:47', 0, 0.00),
(17, 3, '2021-02-14', 3, 0, 35.00, 1, 2, 1, 0.00, 5.00, 2, 1, NULL, NULL, 1, NULL, 'خصم الى عبد الرحمن', NULL, 0, '2021-02-03 20:07:40', '2021-02-03 23:09:30', 0, 0.00),
(20, 5, '2021-02-14', 8, 0, 60.00, 1, 3, 1, 0.00, NULL, 1, NULL, NULL, NULL, 1, NULL, NULL, NULL, 0, '2021-02-03 21:04:50', '2021-02-04 19:58:44', 0, 0.00),
(25, 6, '2021-02-14', 8, 0, 871.00, 1, 3, 1, 0.00, NULL, 2, 2, NULL, NULL, 1, NULL, NULL, NULL, 0, '2021-02-03 23:20:50', '2021-02-08 18:41:08', 0, 0.00),
(27, 6, '2021-02-14', 8, 0, 261.00, 1, 3, 1, 0.00, NULL, 2, 2, NULL, NULL, 1, NULL, NULL, NULL, 0, '2021-02-03 23:27:56', '2021-02-08 18:41:14', 0, 0.00),
(29, 8, '2021-02-14', 9, 0, 3400.00, 1, 3, 0, 0.00, 0.00, 2, 7, NULL, NULL, 1, NULL, NULL, NULL, 0, '2021-02-04 00:48:33', '2021-02-04 18:03:33', 0, 0.00),
(33, 10, '2021-02-14', 3, 0, 24.00, 1, 3, 0, 0.00, NULL, 2, NULL, NULL, NULL, 1, NULL, 'عينه عن طريق منال', NULL, 0, '2021-02-04 18:03:12', '2021-02-04 18:03:17', 0, 0.00),
(35, 3, '2021-02-14', 3, 0, 22.00, 1, 3, 1, 0.00, NULL, 2, NULL, NULL, NULL, 1, NULL, NULL, NULL, 0, '2021-02-04 19:52:16', '2021-03-08 22:51:49', 0, 0.00),
(36, 11, '2021-02-14', 8, 0, 5460.00, 1, 3, 0, 50.00, 0.00, 1, NULL, NULL, NULL, 1, 1, NULL, NULL, 0, '2021-02-04 21:25:15', '2021-02-07 23:09:55', 0, 0.00),
(37, 10, '2021-02-14', 3, 0, 24.00, 1, 3, 0, 0.00, NULL, 2, NULL, NULL, NULL, 1, NULL, NULL, NULL, 0, '2021-02-04 21:27:00', '2021-02-04 21:27:05', 0, 0.00),
(43, 12, '2021-02-14', 2, 0, 4000.00, 1, 2, 1, 0.00, 0.00, 1, NULL, NULL, NULL, 1, 2, NULL, NULL, 0, '2021-02-04 23:39:23', '2021-02-04 23:39:34', 0, 0.00),
(44, 9, '2021-02-14', 8, 0, 623.55, 1, 2, 1, 0.00, 71.00, 2, 3, NULL, NULL, 1, NULL, 'خصم على السامعة ياسين بدون علبة\r\nتحصيل استاذة منال', NULL, 0, '2021-02-04 23:41:17', '2021-02-08 18:03:28', 0, 0.00),
(46, 12, '2021-02-14', 2, 0, 1300.00, 1, 2, 1, 0.00, 0.00, 2, 21, NULL, NULL, 1, 2, NULL, NULL, 0, '2021-02-06 21:59:22', '2021-02-27 15:21:43', 0, 0.00),
(49, 13, '2021-02-14', 8, 0, 2745.00, 1, 2, 1, 0.00, 0.00, 2, 7, NULL, NULL, 3, NULL, '1040 قديم + الفاتورة الحالية 2745 \r\nالاجمالى 3785 _ايداع_', NULL, 0, '2021-02-06 22:28:15', '2021-02-16 17:46:05', 0, 0.00),
(56, 9, '2021-02-14', 8, 0, 285.00, 1, 3, 0, 0.00, 20.00, 2, 1, NULL, NULL, 1, NULL, 'شاحن عن طريق منال', NULL, 0, '2021-02-07 22:24:01', '2021-02-08 22:36:09', 0, 0.00),
(62, 17, '2021-02-14', 9, 0, 7500.00, 1, 2, 0, 0.00, 0.00, 2, 21, NULL, NULL, 1, 2, NULL, '03425069790578\r\n03425069790579\r\n03425069790580\r\n03425069790560\r\n03425069790559\r\n03308145089977\r\n03308145089976\r\n03308145089975\r\n03308145089974\r\n03308145089973\r\n03308145089972\r\n03308145089971\r\n03308145089970\r\n03308145089969\r\n03308145089968', 0, '2021-02-08 16:47:57', '2021-02-08 22:35:50', 0, 0.00),
(63, 14, '2021-02-14', 9, 0, 3600.00, 1, 2, 1, 0.00, 200.00, 1, NULL, NULL, NULL, 1, 2, NULL, '03425062271804\r\n03425069789952\r\n03425069790561\r\n03307138747307', 0, '2021-02-08 16:49:58', '2021-02-08 22:35:39', 0, 0.00),
(64, 18, '2021-02-14', 2, 0, 1700.00, 1, 2, 0, 0.00, 0.00, 2, 21, NULL, NULL, 1, NULL, 'ابراهيم محلاوى', NULL, 0, '2021-02-08 19:03:10', '2021-02-08 19:03:13', 0, 0.00),
(65, 19, '2021-02-14', 9, 0, 4300.00, 1, 2, 1, 0.00, 0.00, 1, NULL, NULL, NULL, 1, 2, NULL, NULL, 0, '2021-02-08 19:05:25', '2021-02-08 22:35:29', 0, 0.00),
(67, 14, '2021-02-14', 9, 0, 3840.00, 1, 3, 1, 0.00, 165.00, 2, 1, NULL, NULL, 1, 2, NULL, '2WCWV53 \r\nH99WV53\r\nG8FWV53', 0, '2021-02-08 20:04:57', '2021-02-11 19:38:55', 0, 0.00),
(68, 20, '2021-02-14', 2, 0, 4250.00, 1, 2, 1, 0.00, 0.00, 2, 7, NULL, NULL, 1, 2, NULL, '03308145089946', 0, '2021-02-08 22:33:03', '2021-02-21 20:03:49', 0, 0.00),
(71, 10, '2021-02-14', 3, 0, 30.45, 1, 3, 0, 0.00, NULL, 1, NULL, NULL, NULL, 1, NULL, NULL, NULL, 0, '2021-02-09 20:32:32', '2021-02-09 20:36:40', 0, 0.00),
(73, 21, '2021-02-14', 9, 0, 750.00, 1, 2, 0, 0.00, 0.00, 2, 21, NULL, NULL, 1, 1, NULL, NULL, 0, '2021-02-09 23:30:34', '2021-02-10 00:09:48', 0, 0.00),
(76, 22, '2021-02-14', 9, 0, 800.00, 1, 2, 0, 0.00, 0.00, 2, 21, NULL, NULL, 1, 2, NULL, NULL, 0, '2021-02-10 00:08:50', '2021-02-10 00:10:05', 0, 0.00),
(77, 23, '2021-02-14', 9, 0, 60000.00, 1, 2, 0, 0.00, 0.00, 1, NULL, NULL, NULL, 1, 1, NULL, '1	pf240tvv\r\n2	pf240tvm\r\n3	pf240vj1\r\n4	pf240vf0\r\n5	pf240tn5', 0, '2021-02-10 00:10:54', '2021-02-10 00:11:15', 0, 0.00),
(84, 3, '2021-02-14', 3, 0, 18.00, 1, 3, 1, 0.00, NULL, 2, NULL, NULL, NULL, 1, NULL, NULL, NULL, 0, '2021-02-10 16:55:35', '2021-02-10 17:25:32', 0, 0.00),
(85, 24, '2021-02-14', 3, 0, 7.50, 1, 3, 0, 0.00, 0.00, 1, NULL, NULL, NULL, 1, NULL, 'استخدام  داخل الشركة', NULL, 0, '2021-02-10 17:38:15', '2021-02-10 17:39:10', 0, 0.00),
(87, 26, '2021-02-14', 2, 0, 30850.00, 1, 2, 0, 0.00, 0.00, 2, 30, NULL, NULL, 1, 1, NULL, '03425070041141\r\n03425070041244\r\n03425070041138\r\n03425070041139\r\n03425070040361\r\n03425070040209\r\n03425070040355\r\n03425070040197\r\n03308145089956\r\n03308145089955\r\n03308145089957\r\n03308145089954\r\n03308145089953\r\n03308145089952\r\n03308145089951\r\n03308145089950\r\n03308145089949\r\n03308145089948\r\n03308145090017\r\n03308145090016\r\n03308145090015\r\n03308145090014\r\n03308145090013\r\n03308145090012\r\n03308145090011\r\n03308145090010\r\n03308145089999\r\n03308145089998\r\n03308145089797\r\n03308145089796\r\n03308145089795\r\n03308145089794\r\n03308145089793\r\n03308145089792\r\n03308145089791\r\n03308145089790\r\n03308145089789\r\n03308145089788\r\n03308145089987\r\n03308145089986\r\n03308145089985\r\n03308145089984\r\n03308145089983\r\n03308145089982\r\n03308145089981\r\n03308145089980\r\n03308145089979\r\n03308145089978\r\n03308145090037\r\n03308145090028\r\n03308145090036\r\n03308145090035\r\n03308145090034\r\n03308145090033\r\n03308145090032\r\n03308145090031\r\n03308145090030\r\n03308145090029', 0, '2021-02-10 20:24:09', '2021-02-10 20:24:13', 0, 0.00),
(88, 18, '2021-02-14', 2, 0, 4400.00, 1, 2, 0, 0.00, 0.00, 2, 21, NULL, NULL, 1, NULL, 'شحن على العميل - اوبر', NULL, 0, '2021-02-11 00:23:54', '2021-02-11 19:25:56', 0, 0.00),
(89, 27, '2021-02-14', 3, 0, 1807.00, 1, 2, 0, 75.00, NULL, 1, NULL, NULL, NULL, 1, NULL, NULL, NULL, 0, '2021-02-11 19:07:08', '2021-02-11 20:09:08', 0, 0.00),
(92, 18, '2021-02-14', 2, 0, 1700.00, 1, 2, 0, 0.00, 0.00, 2, 21, NULL, NULL, 1, NULL, NULL, NULL, 0, '2021-02-11 23:40:58', '2021-02-14 17:41:55', 0, 0.00),
(93, 28, '2021-02-14', 3, 0, 42.50, 1, 3, 0, 0.00, NULL, 1, NULL, NULL, NULL, 1, NULL, NULL, NULL, 0, '2021-02-12 00:02:21', '2021-02-12 00:02:24', 0, 0.00),
(99, 10, '2021-02-14', 1, 0, 260.00, 1, 1, 0, 0.00, 0.00, 1, NULL, NULL, NULL, 1, NULL, 'تم الاستلام من الشركة بواسطة أ-تونى وتم التحصيل وتسليم المبلغ الى أ-ابراهيم', NULL, 0, '2021-02-14 19:33:10', '2021-02-14 20:31:40', 0, 0.00),
(103, 10, '2021-02-14', 2, 0, 45.00, 0, NULL, 1, 0.00, 1.50, 1, NULL, NULL, NULL, 1, NULL, NULL, NULL, 0, '2021-02-14 21:55:41', '2021-02-17 00:54:52', 0, 0.00),
(104, 29, '2021-02-14', 2, 0, 792.25, 1, 3, 1, 0.00, 2.25, 1, NULL, NULL, NULL, 1, NULL, NULL, NULL, 0, '2021-02-14 21:59:01', '2021-02-17 00:53:32', 0, 0.00),
(105, 30, '2021-02-14', 2, 0, 5500.00, 1, 3, 0, 0.00, 0.00, 1, NULL, NULL, NULL, 1, 2, NULL, '03308095235926\r\n03308095235929\r\n03308095316471\r\n03308095323575\r\n03308095321601\r\n03308095324930\r\n03308095315465\r\n03308095318647\r\n03308095318651\r\n03308095317880', 0, '2021-02-15 18:39:39', '2021-02-15 21:15:32', 0, 0.00),
(106, 25, '2021-02-14', 2, 0, 29200.00, 1, 3, 0, 0.00, 0.00, 2, 21, NULL, NULL, 1, NULL, NULL, NULL, 0, '2021-02-15 19:10:18', '2021-02-15 21:15:18', 0, 0.00),
(107, 25, '2021-02-14', 2, 0, 6050.00, 1, 3, 0, 0.00, 0.00, 2, 21, NULL, NULL, 1, 2, NULL, '00312093567863\r\n00312093567864\r\n00312093567877\r\n00312093567885\r\n00312093567875\r\n00312093567879\r\n00312093567878\r\n00312093567872\r\n00312093567873\r\n03308125361245\r\n03308125361201', 0, '2021-02-15 19:15:04', '2021-02-15 21:15:10', 0, 0.00),
(108, 17, '2021-02-14', 2, 0, 4800.00, 1, 3, 0, 0.00, 0.00, 2, 21, NULL, NULL, 1, 2, NULL, NULL, 0, '2021-02-15 19:25:01', '2021-02-15 21:14:50', 0, 0.00),
(112, 31, '2021-02-14', 2, 0, 5965.00, 1, 2, 1, 0.00, 0.00, 1, NULL, NULL, NULL, 1, NULL, NULL, NULL, 0, '2021-02-15 21:46:40', '2021-02-15 22:42:30', 0, 0.00),
(114, 32, '2021-02-14', 13, 0, 85.00, 1, 2, 1, 0.00, 0.00, 1, NULL, NULL, NULL, 1, NULL, 'تحصيل 85 من محل عين شمس من باسم الى هيثم 9-2-2021', NULL, 0, '2021-02-15 22:35:20', '2021-03-07 23:09:18', 1, 0.00),
(115, 32, '2021-02-14', 13, 0, 350.00, 1, 2, 1, 0.00, 0.00, 1, NULL, NULL, NULL, 1, NULL, 'مبيعات فرع عين شمس 11-2-2021 من باسم الى هيثم', NULL, 0, '2021-02-15 22:37:46', '2021-03-07 23:08:57', 1, 0.00),
(116, 32, '2021-02-14', 13, 0, 150.00, 1, 2, 1, 0.00, 0.00, 1, NULL, NULL, NULL, 1, NULL, 'مبيعات فرع عين شمس من باسم الى هيثم 12-2-2021', NULL, 0, '2021-02-15 22:40:07', '2021-03-07 23:08:35', 1, 0.00),
(117, 32, '2021-02-14', 13, 0, 135.00, 1, 2, 1, 0.00, 0.00, 1, NULL, NULL, NULL, 1, NULL, 'مبيعات فرع عين شمس من باسم الى هيثم 13-2-2021', NULL, 0, '2021-02-15 22:41:40', '2021-03-07 23:08:07', 1, 0.00),
(118, 33, '2021-02-14', 2, 0, 43.50, 0, NULL, 1, 0.00, 0.00, 1, NULL, NULL, NULL, 1, 1, NULL, NULL, 0, '2021-02-16 00:03:32', '2021-02-16 00:33:27', 0, 0.00),
(119, 3, '2021-02-14', 3, 0, 168.00, 1, 3, 1, 0.00, NULL, 2, 1, NULL, NULL, 1, NULL, NULL, NULL, 0, '2021-02-16 00:27:07', '2021-03-08 22:51:39', 0, 0.00),
(120, 34, '2021-02-14', 2, 0, 43500.00, 1, 2, 1, 0.00, 0.00, 1, NULL, NULL, NULL, 1, NULL, NULL, NULL, 0, '2021-02-16 00:30:25', '2021-02-16 17:38:51', 0, 0.00),
(121, 4, '2021-02-14', 8, 0, 5550.00, 1, 2, 1, 0.00, 0.00, 1, NULL, NULL, NULL, 1, 2, NULL, NULL, 0, '2021-02-16 15:38:30', '2021-02-16 19:27:12', 0, 0.00),
(139, 4, '2021-02-16', 8, 0, 3700.00, 1, 2, 1, 0.00, 0.00, 1, NULL, NULL, NULL, 1, 2, NULL, NULL, 0, '2021-02-16 17:04:21', '2021-02-16 19:27:06', 0, 0.00),
(143, 33, '2021-02-16', 2, 0, 200.00, 1, 2, 1, 0.00, 0.00, 1, NULL, NULL, NULL, 1, NULL, NULL, 'wcav9w397408', 0, '2021-02-16 21:17:37', '2021-02-17 00:27:20', 0, 0.00),
(146, 2, '2021-02-16', 2, 0, 20.00, 1, 2, 1, 0.00, 0.00, 1, 7, NULL, NULL, 1, NULL, NULL, NULL, 0, '2021-02-17 00:27:08', '2021-02-17 00:27:13', 0, 0.00),
(149, 36, '2021-02-18', 2, 0, 27411.00, 1, 3, 0, 0.00, 11.00, 3, NULL, 10000.00, 3, 1, NULL, 'خصم السماعة هدية', 'SPF23NYZJ\r\nSPF23P5C6', 0, '2021-02-18 18:38:59', '2021-02-18 19:05:23', 0, 0.00),
(153, 17, '2021-02-17', 2, 0, 14800.00, 1, 2, 0, 0.00, 0.00, 2, 21, NULL, NULL, 1, 2, NULL, '00312093567861\r\n00312093567860\r\n00312093567859\r\n00312093567858\r\n00312093567857\r\n00312093567856\r\n00312093567855\r\n00312093567854\r\n00312093567870\r\n00312093567869\r\n00312093567895\r\n00312093567894\r\n00312093567893\r\n00312093567892\r\n00312093567891\r\n00312093567890\r\n00312093567889\r\n00312093567888\r\n00312093567882\r\n00312093567881', 0, '2021-02-18 22:26:39', '2021-02-18 22:38:54', 0, 0.00),
(154, 8, '2021-02-18', 2, 0, 8200.00, 1, 2, 0, 0.00, 0.00, 2, 7, NULL, NULL, 1, 2, NULL, NULL, 0, '2021-02-18 22:28:12', '2021-02-18 22:38:58', 0, 0.00),
(159, 18, '2021-02-16', 1, 0, 1020.00, 0, NULL, 0, 0.00, 0.00, 2, 21, NULL, NULL, 1, NULL, NULL, NULL, 0, '2021-02-18 23:06:44', '2021-02-18 23:06:44', 0, 0.00),
(160, 8, '2021-02-18', 2, 0, 3625.00, 1, 2, 0, 0.00, 0.00, 2, 14, NULL, NULL, 1, 2, NULL, NULL, 0, '2021-02-19 00:04:21', '2021-02-22 22:39:29', 0, 0.00),
(167, 35, '2021-02-17', 2, 0, 7500.00, 1, 2, 1, 0.00, 0.00, 1, NULL, NULL, NULL, 1, 2, NULL, '9999488124810416\r\n9999488124810490\r\n9999488124810473\r\n9999488124810369\r\n  99994881258412', 0, '2021-02-21 18:41:37', '2021-02-21 19:02:54', 0, 0.00),
(171, 37, '2021-02-18', 2, 0, 1200.00, 1, 2, 0, 0.00, 0.00, 2, 7, NULL, NULL, 1, 2, NULL, '03308145089938\r\n03308145089939', 0, '2021-02-21 19:11:01', '2021-02-21 19:11:23', 0, 0.00),
(173, 22, '2021-02-18', 2, 0, 4500.00, 0, NULL, 1, 0.00, 0.00, 2, 7, NULL, NULL, 1, NULL, NULL, NULL, 0, '2021-02-21 19:12:34', '2021-03-09 00:51:51', 0, 0.00),
(174, 32, '2021-02-15', 13, 0, 120.00, 1, 2, 1, 0.00, 0.00, 1, NULL, NULL, NULL, 1, 4, 'سداد الى احمد الاشهب من الكهرباء', NULL, 0, '2021-02-21 19:23:38', '2021-03-07 23:07:41', 1, 0.00),
(176, 32, '2021-02-19', 13, 0, 310.00, 1, 2, 1, 0.00, 0.00, 1, NULL, NULL, NULL, 1, 4, NULL, NULL, 0, '2021-02-21 19:31:25', '2021-03-07 23:07:08', 1, 0.00),
(177, 32, '2021-02-16', 13, 0, 135.00, 1, 2, 1, 0.00, 0.00, 1, NULL, NULL, NULL, 1, 4, 'otg tybe-c tray	  شخصى الى باسم', NULL, 0, '2021-02-21 19:32:07', '2021-03-07 23:06:42', 1, 0.00),
(182, 29, '2021-02-21', 2, 0, 520.00, 0, NULL, 1, 0.00, 0.00, 3, NULL, 470.00, 7, 1, NULL, 'باقى 50 جنية', NULL, 0, '2021-02-21 21:35:44', '2021-02-22 18:19:14', 0, 0.00),
(184, 18, '2021-02-21', 2, 0, 19000.00, 1, 2, 0, 0.00, 0.00, 2, 2, NULL, NULL, 1, 2, 'تحصيل بشيك', NULL, 0, '2021-02-21 22:00:45', '2021-02-21 22:02:33', 0, 0.00),
(186, 27, '2021-02-21', 3, 0, 1995.00, 0, NULL, 1, 75.00, NULL, 1, NULL, NULL, NULL, 1, 4, NULL, NULL, 0, '2021-02-22 17:14:38', '2021-02-22 20:53:14', 0, 0.00),
(188, 18, '2021-02-22', 2, 0, 155.00, 1, 2, 0, 0.00, 0.00, 2, 14, NULL, NULL, 1, NULL, NULL, NULL, 0, '2021-02-22 20:51:41', '2021-02-22 20:53:07', 0, 0.00),
(189, 2, '2021-02-22', 2, 0, 135.00, 1, 2, 0, 0.00, 10.00, 2, 1, NULL, NULL, 1, NULL, 'هدية الى ايمن كونكت يونيون', NULL, 0, '2021-02-22 20:52:59', '2021-02-22 20:53:09', 0, 0.00),
(191, 26, '2021-02-22', 2, 0, 27500.00, 1, 2, 0, 0.00, 0.00, 2, 7, NULL, NULL, 1, 1, NULL, '03308145089239\r\n03308145089238\r\n03425070040191\r\n03308125361204\r\n00312093567862\r\n00312093567876\r\n00312093567866\r\n00312093567868\r\n00312093567883\r\n00312093567884\r\n00312093567887\r\n00312093567886\r\n00312093567903\r\n00312093567902\r\n00312093567901\r\n00312093567900\r\n00312093567899\r\n00312093567898\r\n00312093567897\r\n00312093567896\r\n03425067634601\r\n03425067634615\r\n03425067634609\r\n03425067634616\r\n03425067634617\r\n03425067634607\r\n03425067634606\r\n03425067634602\r\n03425067634597\r\n03425067634595\r\n03425067634600\r\n03425067634628\r\n03425067634586\r\n03425067634587\r\n03425067634610\r\n03425067634585\r\n03425067634583\r\n03425067634604\r\n03425067634603\r\n03425067634599\r\n03425067634622\r\n03425067634620\r\n03425067634625\r\n03425067634624\r\n03425067634623\r\n03425067634626\r\n03425067634608\r\n03425067634618\r\n03425067634632\r\n03425067634627', 0, '2021-02-22 21:31:12', '2021-02-22 22:29:13', 0, 0.00),
(192, 40, '2021-02-22', 2, 0, 1300.00, 1, 2, 0, 0.00, 0.00, 2, 7, NULL, NULL, 1, 2, NULL, NULL, 0, '2021-02-22 22:26:34', '2021-02-22 22:29:09', 0, 0.00),
(193, 8, '2021-02-22', 2, 0, 16200.00, 1, 2, 0, 0.00, 0.00, 2, 7, NULL, NULL, 1, 2, NULL, '03425067634629\r\n03425067634619\r\n03425067634621\r\n03425067634635\r\n03425067634634\r\n03425067634630\r\n03425067634698\r\n03425067634693\r\n03425067634692\r\n03425067634694\r\n03425067634690\r\n03425067634688\r\n03425067634614\r\n03425067634613\r\n03425067634612\r\n03425067634611\r\n03425067634689\r\n03425067634691\r\n03425067634636\r\n03425067634631', 0, '2021-02-22 22:28:59', '2021-02-22 22:29:04', 0, 0.00),
(194, 39, '2021-02-20', 8, 0, 710.00, 1, 3, 0, 0.00, NULL, 2, 7, NULL, NULL, 2, NULL, NULL, NULL, 0, '2021-02-23 20:30:27', '2021-02-24 20:42:13', 1, 0.00),
(195, 41, '2021-02-24', 2, 0, 1850.00, 1, 3, 0, 0.00, 0.00, 2, 7, NULL, NULL, 1, 2, NULL, NULL, 0, '2021-02-24 20:09:23', '2021-02-24 20:42:23', 0, 0.00),
(196, 22, '2021-02-24', 2, 0, 1200.00, 1, 3, 0, 0.00, 0.00, 2, 7, NULL, NULL, 1, 2, NULL, NULL, 0, '2021-02-24 20:10:07', '2021-02-24 20:41:59', 0, 0.00),
(197, 2, '2021-02-24', 3, 0, 96.00, 1, 3, 0, 0.00, NULL, 2, 7, NULL, NULL, 1, NULL, NULL, NULL, 0, '2021-02-24 20:28:38', '2021-02-24 20:40:13', 0, 0.00),
(199, 28, '2021-02-24', 3, 0, 26.15, 1, 3, 0, 0.00, NULL, 2, 7, NULL, NULL, 1, NULL, NULL, NULL, 0, '2021-02-24 21:53:53', '2021-02-24 21:54:04', 0, 0.00),
(200, 31, '2021-02-24', 2, 0, 965.00, 1, 3, 1, 0.00, 0.00, 2, 1, NULL, NULL, 1, NULL, NULL, NULL, 0, '2021-02-24 22:02:02', '2021-02-25 18:31:49', 0, 0.00),
(202, 2, NULL, 2, 0, 165.00, 1, 2, 0, 0.00, NULL, 2, NULL, NULL, NULL, 1, NULL, NULL, NULL, 0, '2021-02-25 00:01:03', '2021-02-25 00:39:42', 0, 0.00),
(203, 28, '2021-02-24', 2, 0, 110.00, 1, 3, 0, 0.00, NULL, 2, 21, NULL, NULL, 1, NULL, NULL, NULL, 0, '2021-02-25 00:04:18', '2021-02-25 16:48:35', 0, 0.00),
(204, 42, '2021-02-24', 2, 0, 460.00, 1, 3, 0, 0.00, NULL, 1, NULL, NULL, NULL, 1, NULL, NULL, NULL, 0, '2021-02-25 00:44:10', '2021-02-25 16:48:29', 0, 0.00),
(205, 14, '2021-02-25', 9, 0, 48400.00, 1, 3, 0, 0.00, 0.00, 1, NULL, NULL, NULL, 1, 2, NULL, '65sffs2\r\n4n2klm2\r\nc5tbfs2\r\ndzbt8q2\r\n991m563\r\n932m563\r\n3him563\r\nb22m563\r\ncxim563', 0, '2021-02-25 16:14:52', '2021-02-25 16:48:32', 1, 0.00),
(207, 43, '2021-02-25', 2, 0, 48500.00, 1, 2, 0, 0.00, 0.00, 2, 21, NULL, NULL, 1, 1, NULL, '00312093523120\r\n00312093523133\r\n00312093523108\r\n00312093523254\r\n00312093523047\r\n00312093523073\r\n00312093523092\r\n00312093523090\r\n00312093523025\r\n00312093523050\r\n00312093523040\r\n00312093523088\r\n00312093523083\r\n00312093523328\r\n00312093523246\r\n00312093523335\r\n00312093523068\r\n00312093523105\r\n00312093523134\r\n00312093523126\r\n00312093523080\r\n00312093523044\r\n00312093523376\r\n00312093523268\r\n00312093523334\r\n00312093523163\r\n00312093523066\r\n00312093523079\r\n00312093523262\r\n00312093523243\r\n00312093523389\r\n00312093523056\r\n00312093523356\r\n00312093523280\r\n00312093523211\r\n00312093523023\r\n00312093523070\r\n00312093523042\r\n00312093523109\r\n00312093523116\r\n00312093523313\r\n00312093523061\r\n00312093523078\r\n00312093523117\r\n00312093523030\r\n00312093523220\r\n00312093523129\r\n00312093523043\r\n00312093523076\r\n00312093523119\r\n00312093523217\r\n00312093523072\r\n00312093523272\r\n00312093523041\r\n00312093523271\r\n00312093523392\r\n00312093523060\r\n00312093523363\r\n00312093523396\r\n00312093523261\r\n00312093523081\r\n00312093523086\r\n00312093523091\r\n00312093523127\r\n00312093523045\r\n00312093523124\r\n00312093523283\r\n00312093523213\r\n00312093523135\r\n00312093523291\r\n00312093523106\r\n00312093523049\r\n00312093523367\r\n00312093523037\r\n00312093523031\r\n00312093523101\r\n00312093523382\r\n00312093523322\r\n00312093523329\r\n00312093523267\r\n00312093523084\r\n00312093523355\r\n00312093523069\r\n00312093523095\r\n00312093523074\r\n00312093523087\r\n00312093523300\r\n00312093523059\r\n00312093523097\r\n00312093523029\r\n00312093523130\r\n00312093523250\r\n00312093523365\r\n00312093523151\r\n00312093523100\r\n00312093523336\r\n00312093523258', 0, '2021-02-25 18:46:20', '2021-02-25 18:46:43', 0, 0.00),
(208, 23, '2021-02-25', 9, 0, 28000.00, 1, 3, 0, 0.00, 0.00, 1, NULL, NULL, NULL, 1, 2, NULL, 'pf23ns8q\r\npf23rh1s', 0, '2021-02-25 20:37:18', '2021-03-03 20:10:09', 1, 0.00),
(215, 29, '2021-02-27', 2, 0, 130.00, 1, 3, 0, 0.00, 0.00, 1, NULL, NULL, NULL, 1, NULL, NULL, NULL, 0, '2021-02-27 22:05:24', '2021-03-01 20:05:14', 0, 119.50),
(221, 48, '2021-03-01', 9, 0, 5500.00, 1, 2, 0, 0.00, 0.00, 2, 21, NULL, NULL, 1, 2, NULL, '03308149499305\r\n03308149497203\r\n03308149475089\r\n03308149510169\r\n03308149471397\r\n03308149464366\r\n03308149503519\r\n03308149445555\r\n03308149508077\r\n03308149519190', 0, '2021-03-01 19:44:19', '2021-03-01 19:52:42', 1, 4500.00),
(227, 28, '2021-03-01', 3, 0, 48.00, 1, 3, 0, 0.00, NULL, 1, NULL, NULL, NULL, 1, NULL, NULL, NULL, 0, '2021-03-01 21:22:56', '2021-03-03 20:09:05', 0, 45.00),
(228, 49, '2021-03-02', 8, 0, 7150.00, 1, 2, 0, 0.00, 0.00, 1, NULL, NULL, NULL, 1, 2, NULL, NULL, 0, '2021-03-02 17:37:16', '2021-03-02 18:20:55', 1, 5070.00),
(232, 1, '2021-03-02', 9, 0, 8250.00, 1, 3, 0, 0.00, 0.00, 2, 21, NULL, NULL, 1, NULL, NULL, '889842336856\r\n889842336856\r\n889842091151\r\n889842336856\r\n889842336856', 0, '2021-03-02 22:35:03', '2021-03-03 20:08:24', 1, 6750.00),
(234, 14, '2021-03-02', 2, 0, 9400.00, 1, 2, 1, 0.00, 700.00, 1, NULL, NULL, NULL, 1, 2, NULL, '03m26w\r\nD32m563', 0, '2021-03-03 21:27:27', '2021-03-07 23:10:23', 0, 8100.00),
(235, 25, '2021-03-03', 2, 0, 11000.00, 1, 2, 0, 0.00, 0.00, 2, 21, NULL, NULL, 1, 2, NULL, NULL, 0, '2021-03-03 21:39:05', '2021-03-07 23:09:58', 0, 9000.00),
(236, 50, '2021-03-03', 2, 0, 6125.00, 1, 2, 0, 0.00, 0.00, 2, 21, NULL, NULL, 1, 2, NULL, NULL, 0, '2021-03-03 21:41:41', '2021-03-07 23:09:49', 0, 4725.00),
(239, 9, '2021-03-03', 8, 0, 770.00, 1, 2, 0, 0.00, 82.50, 1, NULL, NULL, NULL, 1, NULL, 'شحن عن طريق ا منال', NULL, 0, '2021-03-03 23:58:29', '2021-03-04 18:18:47', 1, 727.00),
(243, 36, '2021-03-04', 8, 0, 6000.00, 1, 2, 0, 0.00, 0.00, 2, 21, NULL, NULL, 1, NULL, NULL, '03305022209498\r\n03305007921455\r\n03305022535820\r\n03305007921448\r\n03305022563310\r\n03305008249714\r\n03305007921532\r\n03305004469943\r\n03305007896101\r\n03305022959262', 0, '2021-03-04 19:00:25', '2021-03-04 19:00:44', 1, 4750.00),
(245, 51, '2021-03-04', 9, 0, 3500.00, 1, 1, 1, 0.00, 0.00, 1, NULL, NULL, NULL, 1, NULL, NULL, NULL, 0, '2021-03-04 20:11:58', '2021-03-07 22:45:29', 1, 2750.00),
(253, 32, '2021-02-20', 13, 0, 220.00, 1, 2, 1, 0.00, 0.00, 1, NULL, NULL, NULL, 1, 4, NULL, NULL, 0, '2021-03-07 22:31:03', '2021-03-07 23:06:18', 1, 134.00),
(254, 32, '2021-02-24', 13, 0, 360.00, 1, 2, 1, 0.00, 0.00, 1, NULL, NULL, NULL, 1, 4, NULL, NULL, 0, '2021-03-07 22:36:09', '2021-03-07 23:05:56', 1, 323.25),
(256, 32, '2021-02-26', 13, 0, 620.00, 1, 2, 1, 0.00, 0.00, 1, NULL, NULL, NULL, 1, NULL, NULL, NULL, 0, '2021-03-07 22:40:33', '2021-03-07 23:05:44', 1, 350.50),
(257, 32, '2021-03-02', 13, 0, 35.00, 1, 2, 1, 0.00, 0.00, 1, NULL, NULL, NULL, 1, NULL, NULL, NULL, 0, '2021-03-07 22:58:27', '2021-03-07 23:05:24', 1, 22.25),
(258, 32, '2021-03-03', 13, 0, 195.00, 1, 2, 1, 0.00, 0.00, 1, NULL, NULL, NULL, 1, 4, NULL, NULL, 0, '2021-03-07 23:01:21', '2021-03-07 23:05:10', 1, 144.50),
(262, 37, '2021-03-07', 2, 0, 14000.00, 1, 2, 0, 0.00, 0.00, 2, 21, NULL, NULL, 1, NULL, NULL, 'SPF23RK8K', 0, '2021-03-08 01:50:33', '2021-03-08 02:10:43', 0, 11500.00),
(264, 28, '2021-03-08', 3, 0, 60.00, 1, 2, 0, 0.00, NULL, 1, NULL, NULL, NULL, 1, NULL, NULL, NULL, 0, '2021-03-08 18:30:50', '2021-03-14 17:47:23', 0, 57.00),
(269, 10, '2021-03-08', 3, 0, 12.00, 1, 3, 0, 0.00, NULL, 2, NULL, NULL, NULL, 1, NULL, NULL, NULL, 0, '2021-03-08 20:39:56', '2021-03-08 20:42:55', 0, 10.00),
(270, 28, '2021-03-08', 3, 0, 126.00, 1, 3, 0, 0.00, NULL, 2, NULL, NULL, NULL, 1, NULL, NULL, NULL, 0, '2021-03-08 20:41:52', '2021-03-08 20:42:46', 0, 119.50),
(271, 25, '2021-03-08', 2, 0, 5500.00, 1, 2, 0, 0.00, 0.00, 2, 21, NULL, NULL, 1, 2, NULL, '0426010431048', 0, '2021-03-08 21:08:29', '2021-03-08 21:08:34', 0, 3300.00),
(273, 32, '2021-03-06', 2, 0, 50.00, 1, 2, 1, 0.00, 0.00, 1, NULL, NULL, NULL, 1, 4, NULL, NULL, 0, '2021-03-08 22:42:51', '2021-03-08 22:43:00', 0, 33.00),
(276, 54, '2021-03-10', 8, 0, 21000.00, 1, 3, 0, 0.00, 0.00, 1, NULL, NULL, NULL, 2, NULL, 'التحصيل عن طريق شيك بنكى', NULL, 0, '2021-03-10 21:17:12', '2021-03-13 20:38:11', 1, 19900.00),
(279, 14, '2021-03-11', 2, 0, 16650.00, 1, 3, 0, 0.00, 0.00, 1, NULL, NULL, NULL, 1, 2, NULL, NULL, 0, '2021-03-11 21:13:39', '2021-03-13 17:19:05', 0, 15500.00),
(280, 55, '2021-03-11', 3, 0, 620.00, 1, 3, 0, 0.00, 0.00, 1, NULL, NULL, NULL, 1, NULL, NULL, NULL, 0, '2021-03-11 22:16:51', '2021-03-13 17:18:35', 1, 400.00),
(282, 28, '2021-03-13', 3, 0, 21.25, 1, 3, 0, 0.00, NULL, 2, NULL, NULL, NULL, 1, NULL, NULL, NULL, 0, '2021-03-13 20:27:48', '2021-03-13 20:38:05', 0, 20.00),
(283, 53, '2021-03-07', 2, 0, 670.00, 1, 3, 0, 45.00, NULL, 1, NULL, NULL, NULL, 1, 2, 'يتم التسليم غدا', NULL, 0, '2021-03-13 21:06:30', '2021-03-14 16:47:34', 0, 624.00),
(284, 22, '2021-03-14', 2, 0, 4800.00, 1, 2, 0, 0.00, 0.00, 1, NULL, NULL, NULL, 1, 1, NULL, NULL, 0, '2021-03-14 17:46:53', '2021-03-14 17:47:00', 0, 4050.00),
(287, 32, '2021-03-08', 2, 0, 705.00, 1, 2, 1, 0.00, 0.00, 1, NULL, NULL, NULL, 1, 4, NULL, NULL, 0, '2021-03-14 20:13:45', '2021-03-14 20:29:50', 0, 357.50),
(288, 32, '2021-03-05', 2, 0, 165.00, 1, 2, 1, 0.00, 0.00, 1, NULL, NULL, NULL, 1, 4, NULL, NULL, 0, '2021-03-14 20:26:15', '2021-03-14 20:29:45', 0, 112.50),
(289, 32, '2021-03-12', 2, 0, 440.00, 1, 2, 1, 0.00, NULL, 1, NULL, NULL, NULL, 1, NULL, NULL, NULL, 0, '2021-03-14 20:29:38', '2021-03-14 21:14:34', 0, 384.00),
(290, 32, '2021-03-11', 2, 0, 775.00, 1, 2, 1, 0.00, 0.00, 1, NULL, NULL, NULL, 1, 4, NULL, NULL, 0, '2021-03-14 21:18:45', '2021-03-14 22:26:24', 0, 409.50),
(294, 2, '2021-03-08', 2, 0, 200.00, 1, 2, 1, 0.00, 0.00, 1, 7, NULL, NULL, 1, NULL, NULL, NULL, 0, '2021-03-14 22:27:07', '2021-03-14 22:27:15', 0, 135.00),
(297, 37, '2021-03-03', 2, 0, 1800.00, 1, 2, 0, 0.00, 0.00, 2, 21, NULL, NULL, 1, NULL, NULL, NULL, 0, '2021-03-14 23:34:32', '2021-03-14 23:34:42', 0, 1500.00),
(298, 47, '2021-03-01', 2, 0, 2622.50, 1, 2, 0, 0.00, NULL, 3, NULL, 1500.00, 7, 1, 2, NULL, NULL, 0, '2021-03-14 23:38:37', '2021-03-14 23:40:07', 0, 2350.25),
(300, 17, '2021-03-15', 2, 0, 8000.00, 1, 2, 0, 0.00, 0.00, 2, 21, NULL, NULL, 1, 1, NULL, NULL, 0, '2021-03-15 22:36:09', '2021-03-15 22:36:17', 0, 6750.00),
(301, 3, '2021-03-16', 3, 0, 42.50, 1, 3, 0, 0.00, NULL, 1, NULL, NULL, NULL, 1, NULL, NULL, NULL, 0, '2021-03-16 16:15:03', '2021-03-16 16:15:13', 0, 40.00),
(302, 25, '2021-03-16', 2, 0, 575.00, 1, 3, 0, 0.00, 0.00, 1, NULL, NULL, NULL, 1, 1, NULL, '03308149512468', 0, '2021-03-16 22:24:45', '2021-03-17 00:10:00', 0, 450.00),
(309, 22, '2021-03-16', 2, 0, 8000.00, 0, NULL, 0, 0.00, 0.00, 2, 21, NULL, NULL, 1, 1, NULL, NULL, 0, '2021-03-17 01:23:24', '2021-03-17 01:23:24', 0, 6750.00),
(310, 14, '2021-03-08', 2, 0, 88885.00, 1, 2, 1, 0.00, 0.00, 1, NULL, NULL, NULL, 1, 2, NULL, 'GJ60763\r\nG870763\r\n3SB0763\r\n3L60763\r\n5L60763', 0, '2021-03-17 02:22:53', '2021-03-17 02:23:13', 0, 81675.00),
(314, 60, '2021-03-17', 3, 0, 130.00, 0, NULL, 0, 0.00, NULL, 1, NULL, NULL, NULL, 1, NULL, NULL, NULL, 0, '2021-03-17 15:56:24', '2021-03-17 15:56:24', 0, 119.50),
(317, 61, '2021-03-17', 9, 0, 6800.00, 1, 3, 0, 0.00, 0.00, 1, NULL, NULL, NULL, 1, 1, NULL, NULL, 0, '2021-03-17 18:14:10', '2021-03-21 16:06:02', 1, 5300.00),
(318, 4, '2021-03-17', 8, 0, 8750.00, 1, 3, 0, 0.00, NULL, 1, NULL, NULL, NULL, 1, 1, NULL, NULL, 0, '2021-03-17 18:25:50', '2021-03-21 16:06:09', 0, 6750.00),
(321, 62, '2021-03-17', 3, 0, 50.00, 1, 3, 0, 0.00, NULL, 1, NULL, NULL, NULL, 1, NULL, NULL, NULL, 0, '2021-03-17 23:58:37', '2021-03-21 16:06:12', 2, 15.50),
(326, 36, '2021-03-16', 8, 0, 8255.00, 1, 3, 0, 0.00, NULL, 2, 30, NULL, NULL, 1, 1, NULL, NULL, 0, '2021-03-21 17:14:01', '2021-03-21 17:15:11', 1, 7938.50),
(327, 17, '2021-03-17', 2, 0, 10100.00, 0, NULL, 0, 0.00, 0.00, 2, 21, NULL, NULL, 1, 1, NULL, NULL, 0, '2021-03-21 19:14:21', '2021-03-21 19:14:21', 0, 8000.00),
(329, 48, '2021-03-17', 2, 0, 19000.00, 0, NULL, 0, 0.00, 0.00, 2, 21, NULL, NULL, 1, 1, NULL, NULL, 0, '2021-03-21 19:20:42', '2021-03-21 19:20:42', 0, 16800.00),
(330, 63, '2021-03-21', 2, 0, 8000.00, 0, NULL, 0, 0.00, 0.00, 2, 21, NULL, NULL, 1, NULL, NULL, NULL, 0, '2021-03-21 19:36:17', '2021-03-21 19:36:18', 0, 6750.00),
(331, 26, '2021-03-21', 2, 0, 66000.00, 0, NULL, 0, 0.00, 0.00, 2, 21, NULL, NULL, 1, 1, NULL, NULL, 0, '2021-03-21 19:38:36', '2021-03-21 19:38:36', 0, 54000.00),
(333, 32, '2021-03-16', 2, 0, 140.00, 1, 2, 1, 0.00, 0.00, 1, NULL, NULL, NULL, 1, 4, NULL, NULL, 0, '2021-03-21 21:46:17', '2021-03-21 21:46:45', 0, 82.50),
(334, 32, '2021-03-19', 2, 0, 60.00, 1, 2, 1, 0.00, 0.00, 1, NULL, NULL, NULL, 1, 4, NULL, NULL, 0, '2021-03-21 21:47:47', '2021-03-21 21:47:56', 0, 24.75),
(335, 32, '2021-03-20', 2, 0, 105.00, 1, 2, 1, 0.00, 0.00, 1, NULL, NULL, NULL, 1, 4, NULL, NULL, 0, '2021-03-21 21:50:00', '2021-03-21 21:50:15', 0, 61.25),
(336, 30, '2021-03-22', 2, 0, 6600.00, 1, 2, 1, 0.00, 0.00, 1, NULL, NULL, NULL, 1, NULL, NULL, '03305008420212\r\n03305022046367\r\n03305004326977\r\n03305007664536\r\n03305022714988\r\n03305021123350\r\n03305022255474\r\n03305008886258\r\n03305007921385\r\n03305022714992\r\n03305023128232\r\n03305007921617', 0, '2021-03-22 21:29:43', '2021-03-22 23:08:05', 0, 5700.00),
(337, 37, '2021-03-22', 2, 0, 14000.00, 1, 3, 0, 0.00, 0.00, 2, 3, NULL, NULL, 1, 1, NULL, 'PF25EQR1', 0, '2021-03-22 21:35:15', '2021-03-23 16:17:08', 0, 11500.00),
(338, 58, '2021-03-16', 2, 0, 2024.00, 1, 2, 0, 0.00, NULL, 2, 21, NULL, NULL, 1, NULL, NULL, NULL, 0, '2021-03-22 23:06:25', '2021-03-22 23:06:41', 0, 1780.00),
(339, 66, '2021-03-22', 3, 0, 80.00, 1, 3, 0, 0.00, NULL, 2, 10, NULL, NULL, 1, NULL, NULL, NULL, 0, '2021-03-22 23:58:28', '2021-03-23 16:17:03', 0, 60.00),
(341, 3, '2021-03-22', 3, 0, 15.00, 1, 3, 0, 0.00, NULL, 2, 21, NULL, NULL, 1, NULL, NULL, NULL, 0, '2021-03-23 00:32:00', '2021-03-23 16:16:58', 0, 13.50),
(342, 17, '2021-03-23', 2, 0, 93500.00, 0, NULL, 0, 0.00, 0.00, 1, NULL, NULL, NULL, 1, NULL, NULL, NULL, 0, '2021-03-23 17:13:43', '2021-03-23 17:13:43', 0, 85000.00),
(343, 43, '2021-03-07', 2, 0, 75000.00, 0, NULL, 0, 0.00, 0.00, 2, 21, NULL, NULL, 1, NULL, NULL, NULL, 0, '2021-03-23 21:47:31', '2021-03-23 21:47:31', 0, 66850.00),
(344, 18, '2021-03-23', 2, 0, 2150.00, 0, NULL, 0, 0.00, 0.00, 2, 21, NULL, NULL, 1, NULL, NULL, NULL, 0, '2021-03-23 21:55:01', '2021-03-23 21:55:01', 0, 1300.00),
(347, 43, '2021-03-23', 2, 0, 13125.00, 0, NULL, 0, 0.00, 0.00, 2, 14, NULL, NULL, 1, 1, NULL, '03308015244331\r\n03308015241423\r\n03308015244318\r\n03308015244334\r\n03308015244329\r\n03308146951873\r\n03308015244328\r\n03308146951868\r\n03305089776334\r\n03308015240561\r\n03308015240567\r\n03308015240559\r\n03308015240560\r\n03308015240558\r\n03308015240555\r\n03308015240566\r\n03308015244313\r\n03308015244330\r\n03308015240565\r\n03308015240564\r\n03308015240554\r\n03308020744208\r\n03308093559890\r\n00312093567877\r\n00312093567873', 0, '2021-03-24 01:59:04', '2021-03-24 01:59:04', 0, 11675.00),
(353, 56, '2021-03-14', 3, 0, 15277.00, 0, NULL, 0, 0.00, NULL, 1, NULL, NULL, NULL, 1, NULL, 'مرتجع الى الشرقوى', NULL, 0, '2021-03-28 18:15:13', '2021-03-28 18:15:15', 0, 13671.75),
(354, 36, '2021-03-28', 8, 0, 8575.00, 0, NULL, 0, 0.00, 0.00, 2, 21, NULL, NULL, 1, 2, NULL, NULL, 0, '2021-03-28 20:28:24', '2021-03-28 20:28:46', 1, 8105.00),
(355, 59, '2021-03-16', 1, 0, 9390.10, 0, NULL, 0, 0.00, NULL, 2, 21, NULL, NULL, 1, NULL, NULL, NULL, 0, '2021-03-29 21:30:20', '2021-03-29 21:30:20', 0, 8462.50),
(356, 67, '2021-03-29', 2, 0, 13900.00, 1, 2, 0, 0.00, 0.00, 1, NULL, NULL, NULL, 1, 1, NULL, 'PF25F7HF', 0, '2021-03-29 22:37:40', '2021-03-29 22:37:47', 0, 11500.00),
(357, 17, '2021-03-30', 9, 0, 10500.00, 0, NULL, 0, 0.00, 0.00, 1, NULL, NULL, NULL, 1, NULL, NULL, '0330616656625803306166566303033061665662620330616656627003306166566242033061665662640330814946512603308149660560033081496908370330814969317203308149683061033081497010610330814856291403308148565806033081491413090330814856384903308149132524033081491338470330814857854103306166566336', 0, '2021-03-30 20:00:03', '2021-03-30 20:00:25', 1, 9000.00),
(358, 68, '2021-04-06', 2, 0, 2000.00, 0, NULL, 0, 0.00, 0.00, 1, NULL, NULL, NULL, 1, NULL, NULL, '03305191305224', 0, '2021-04-06 21:20:11', '2021-04-06 21:20:12', 0, 1775.00);

-- --------------------------------------------------------

--
-- Table structure for table `password_resets`
--

CREATE TABLE `password_resets` (
  `email` varchar(191) NOT NULL,
  `token` varchar(191) NOT NULL,
  `created_at` timestamp NULL DEFAULT NULL
) ENGINE=InnoDB DEFAULT CHARSET=utf8;

-- --------------------------------------------------------

--
-- Table structure for table `permissions`
--

CREATE TABLE `permissions` (
  `id` int(10) UNSIGNED NOT NULL,
  `name` varchar(191) NOT NULL,
  `display_name` varchar(191) DEFAULT NULL,
  `description` varchar(191) DEFAULT NULL,
  `created_at` timestamp NULL DEFAULT NULL,
  `updated_at` timestamp NULL DEFAULT NULL
) ENGINE=InnoDB DEFAULT CHARSET=utf8;

--
-- Dumping data for table `permissions`
--

INSERT INTO `permissions` (`id`, `name`, `display_name`, `description`, `created_at`, `updated_at`) VALUES
(1, 'create-categories', 'Create Categories', 'Create Categories', '2020-09-13 18:07:09', '2020-09-13 18:07:09'),
(2, 'read-categories', 'Read Categories', 'Read Categories', '2020-09-13 18:07:09', '2020-09-13 18:07:09'),
(3, 'update-categories', 'Update Categories', 'Update Categories', '2020-09-13 18:07:09', '2020-09-13 18:07:09'),
(4, 'delete-categories', 'Delete Categories', 'Delete Categories', '2020-09-13 18:07:09', '2020-09-13 18:07:09'),
(5, 'create-products', 'Create Products', 'Create Products', '2020-09-13 18:07:09', '2020-09-13 18:07:09'),
(6, 'read-products', 'Read Products', 'Read Products', '2020-09-13 18:07:09', '2020-09-13 18:07:09'),
(7, 'update-products', 'Update Products', 'Update Products', '2020-09-13 18:07:09', '2020-09-13 18:07:09'),
(8, 'delete-products', 'Delete Products', 'Delete Products', '2020-09-13 18:07:09', '2020-09-13 18:07:09'),
(9, 'create-clients', 'Create Clients', 'Create Clients', '2020-09-13 18:07:09', '2020-09-13 18:07:09'),
(10, 'read-clients', 'Read Clients', 'Read Clients', '2020-09-13 18:07:09', '2020-09-13 18:07:09'),
(11, 'update-clients', 'Update Clients', 'Update Clients', '2020-09-13 18:07:09', '2020-09-13 18:07:09'),
(12, 'delete-clients', 'Delete Clients', 'Delete Clients', '2020-09-13 18:07:09', '2020-09-13 18:07:09'),
(13, 'create-orders', 'Create Orders', 'Create Orders', '2020-09-13 18:07:09', '2020-09-13 18:07:09'),
(14, 'read-orders', 'Read Orders', 'Read Orders', '2020-09-13 18:07:09', '2020-09-13 18:07:09'),
(15, 'update-orders', 'Update Orders', 'Update Orders', '2020-09-13 18:07:09', '2020-09-13 18:07:09'),
(16, 'delete-orders', 'Delete Orders', 'Delete Orders', '2020-09-13 18:07:10', '2020-09-13 18:07:10'),
(17, 'create-users', 'Create Users', 'Create Users', '2020-09-13 18:07:10', '2020-09-13 18:07:10'),
(18, 'read-users', 'Read Users', 'Read Users', '2020-09-13 18:07:10', '2020-09-13 18:07:10'),
(19, 'update-users', 'Update Users', 'Update Users', '2020-09-13 18:07:10', '2020-09-13 18:07:10'),
(20, 'delete-users', 'Delete Users', 'Delete Users', '2020-09-13 18:07:10', '2020-09-13 18:07:10');

-- --------------------------------------------------------

--
-- Table structure for table `permission_role`
--

CREATE TABLE `permission_role` (
  `permission_id` int(10) UNSIGNED NOT NULL,
  `role_id` int(10) UNSIGNED NOT NULL
) ENGINE=InnoDB DEFAULT CHARSET=utf8;

--
-- Dumping data for table `permission_role`
--

INSERT INTO `permission_role` (`permission_id`, `role_id`) VALUES
(1, 1),
(2, 1),
(3, 1),
(4, 1),
(5, 1),
(6, 1),
(7, 1),
(8, 1),
(9, 1),
(10, 1),
(11, 1),
(12, 1),
(13, 1),
(14, 1),
(15, 1),
(16, 1),
(17, 1),
(18, 1),
(19, 1),
(20, 1);

-- --------------------------------------------------------

--
-- Table structure for table `permission_user`
--

CREATE TABLE `permission_user` (
  `permission_id` int(10) UNSIGNED NOT NULL,
  `user_id` int(10) UNSIGNED NOT NULL,
  `user_type` varchar(191) NOT NULL
) ENGINE=InnoDB DEFAULT CHARSET=utf8;

--
-- Dumping data for table `permission_user`
--

INSERT INTO `permission_user` (`permission_id`, `user_id`, `user_type`) VALUES
(1, 2, 'App\\User'),
(1, 3, 'App\\User'),
(1, 8, 'App\\User'),
(1, 9, 'App\\User'),
(1, 13, 'App\\User'),
(1, 14, 'App\\User'),
(2, 2, 'App\\User'),
(2, 3, 'App\\User'),
(2, 8, 'App\\User'),
(2, 9, 'App\\User'),
(2, 13, 'App\\User'),
(2, 14, 'App\\User'),
(3, 2, 'App\\User'),
(4, 2, 'App\\User'),
(5, 2, 'App\\User'),
(5, 3, 'App\\User'),
(5, 8, 'App\\User'),
(5, 9, 'App\\User'),
(5, 13, 'App\\User'),
(5, 14, 'App\\User'),
(6, 2, 'App\\User'),
(6, 3, 'App\\User'),
(6, 8, 'App\\User'),
(6, 9, 'App\\User'),
(6, 13, 'App\\User'),
(6, 14, 'App\\User'),
(7, 2, 'App\\User'),
(8, 2, 'App\\User'),
(9, 2, 'App\\User'),
(9, 3, 'App\\User'),
(9, 8, 'App\\User'),
(9, 9, 'App\\User'),
(9, 13, 'App\\User'),
(9, 14, 'App\\User'),
(10, 2, 'App\\User'),
(10, 3, 'App\\User'),
(10, 8, 'App\\User'),
(10, 9, 'App\\User'),
(10, 13, 'App\\User'),
(10, 14, 'App\\User'),
(11, 2, 'App\\User'),
(12, 2, 'App\\User'),
(13, 2, 'App\\User'),
(13, 3, 'App\\User'),
(13, 8, 'App\\User'),
(13, 9, 'App\\User'),
(13, 13, 'App\\User'),
(13, 14, 'App\\User'),
(14, 2, 'App\\User'),
(14, 3, 'App\\User'),
(14, 8, 'App\\User'),
(14, 9, 'App\\User'),
(14, 13, 'App\\User'),
(14, 14, 'App\\User'),
(15, 2, 'App\\User'),
(16, 2, 'App\\User'),
(16, 3, 'App\\User'),
(16, 8, 'App\\User'),
(16, 9, 'App\\User'),
(16, 13, 'App\\User'),
(16, 14, 'App\\User');

-- --------------------------------------------------------

--
-- Table structure for table `products`
--

CREATE TABLE `products` (
  `id` bigint(20) UNSIGNED NOT NULL,
  `category_id` int(10) UNSIGNED NOT NULL,
  `image` varchar(191) NOT NULL DEFAULT 'default.png',
  `purchase_price` double(8,2) NOT NULL,
  `sale_price` double(8,2) NOT NULL,
  `last_price` double(8,2) DEFAULT NULL,
  `stock` int(11) NOT NULL,
  `real_stock` int(11) DEFAULT NULL,
  `serial_numbers` text,
  `productCode` varchar(255) DEFAULT NULL,
  `purchase_invoice_number` varchar(255) DEFAULT NULL,
  `add_by` int(11) NOT NULL,
  `update_by` int(11) NOT NULL DEFAULT '0',
  `store_id` int(11) DEFAULT NULL,
  `transformer_product` tinyint(4) NOT NULL DEFAULT '0',
  `store_original` int(11) DEFAULT NULL,
  `store_to` int(11) DEFAULT NULL,
  `created_at` timestamp NULL DEFAULT NULL,
  `updated_at` timestamp NULL DEFAULT NULL,
  `trans` int(11) NOT NULL DEFAULT '0'
) ENGINE=InnoDB DEFAULT CHARSET=utf8;

--
-- Dumping data for table `products`
--

INSERT INTO `products` (`id`, `category_id`, `image`, `purchase_price`, `sale_price`, `last_price`, `stock`, `real_stock`, `serial_numbers`, `productCode`, `purchase_invoice_number`, `add_by`, `update_by`, `store_id`, `transformer_product`, `store_original`, `store_to`, `created_at`, `updated_at`, `trans`) VALUES
(1, 2, 'default.png', 400.00, 420.00, 550.00, 0, 264, '[]', 'C02-P4464', '678096', 1, 0, 1, 0, NULL, NULL, '2021-02-02 19:04:47', '2021-02-22 22:28:59', 0),
(2, 2, 'default.png', 1300.00, 1365.00, 2150.00, 1, 9, '[null,null,null,null,null,null,null,null,null]', 'C02-P6440', '678096', 1, 0, 1, 0, NULL, NULL, '2021-02-02 19:05:53', '2021-03-23 21:55:01', 0),
(3, 3, 'default.png', 150.00, 157.50, 200.00, 6, 11, '[]', 'C03-P7376', '678096', 1, 0, 1, 0, NULL, NULL, '2021-02-02 19:06:46', '2021-03-29 21:30:20', 0),
(4, 3, 'default.png', 345.00, 362.25, 385.00, 9, 15, '[]', 'C03-P9608', '678096', 1, 0, 1, 2, NULL, 2, '2021-02-02 19:07:32', '2021-03-29 21:30:20', 0),
(5, 2, 'default.png', 3750.00, 3937.50, 4500.00, 0, 4, '[]', 'C02-P6754', '678096', 1, 0, 1, 0, NULL, NULL, '2021-02-02 19:08:23', '2021-03-21 19:20:42', 0),
(6, 3, 'default.png', 345.00, 362.25, NULL, 31, 31, '[]', 'C03-P1315', '678096', 1, 0, 1, 0, NULL, NULL, '2021-02-02 19:09:00', '2021-02-02 19:09:00', 0),
(7, 3, 'default.png', 125.00, 131.25, NULL, 12, 12, '[]', 'C03-P1387', '678096', 1, 0, 1, 0, NULL, NULL, '2021-02-02 19:09:52', '2021-02-02 19:09:52', 0),
(8, 1, 'default.png', 60.00, 63.00, 80.00, 0, 24, '[null,null,null,null,null,null,null,null,null,null,null,null,null,null,null,null,null,null,null,null,null,null,null,null]', 'C01-P1987', '678096', 1, 0, 1, 2, NULL, 2, '2021-02-02 19:10:44', '2021-03-22 23:58:28', 0),
(9, 1, 'default.png', 15.00, 15.75, 16.00, 22, 75, '[]', 'C01-P6819', '678096', 1, 0, 1, 0, NULL, NULL, '2021-02-02 19:11:37', '2021-03-29 21:30:20', 0),
(10, 1, 'default.png', 27.50, 28.75, 28.00, 0, 42, '[null,null,null,null,null,null,null,null,null,null,null,null,null,null,null,null,null,null,null,null,null,null,null,null,null,null,null,null,null,null,null,null,null,null,null,null,null,null,null,null,null,null]', 'C01-P697', '678096', 1, 1, 1, 0, NULL, NULL, '2021-02-02 19:12:45', '2021-03-21 17:14:01', 0),
(11, 1, 'default.png', 55.00, 57.75, 40.00, 0, 28, '[]', 'C01-P7376', '678096', 1, 0, 1, 0, NULL, NULL, '2021-02-02 19:13:46', '2021-03-29 21:30:20', 0),
(12, 1, 'default.png', 65.00, 68.25, 70.00, 0, 22, '[]', 'C01-P9967', '678096', 1, 0, 1, 0, NULL, NULL, '2021-02-02 19:14:49', '2021-03-21 17:14:01', 0),
(13, 1, 'default.png', 38.00, 39.90, 60.00, 5, 8, '[]', 'C01-P5981', '678096', 1, 0, 1, 0, NULL, NULL, '2021-02-02 19:15:17', '2021-02-15 22:35:20', 0),
(14, 1, 'default.png', 52.00, 54.60, 54.50, 3, 40, '[]', 'C01-P9375', '678096', 1, 0, 1, 0, NULL, NULL, '2021-02-02 19:15:56', '2021-03-29 21:30:20', 0),
(15, 1, 'default.png', 4.00, 4.20, 4.50, 0, 115, '[]', 'C01-P5371', '678096', 1, 0, 1, 0, NULL, NULL, '2021-02-02 19:16:37', '2021-03-21 17:14:01', 0),
(16, 1, 'default.png', 7.75, 8.75, 7.90, 0, 92, '[]', 'C01-P125', '678096', 1, 0, 1, 0, NULL, NULL, '2021-02-02 19:17:21', '2021-03-29 21:30:20', 0),
(17, 1, 'default.png', 10.50, 11.25, 10.00, 0, 33, '[null,null,null,null,null,null,null,null,null,null,null,null,null,null,null,null,null,null,null,null,null,null,null,null,null,null,null,null,null,null,null,null,null]', 'C01-P8445', '678096', 1, 0, 1, 0, NULL, NULL, '2021-02-02 19:18:09', '2021-03-29 21:30:20', 0),
(18, 1, 'default.png', 280.00, 294.00, 250.00, 6, 8, '[]', 'C01-P1123', '678096', 1, 0, 1, 2, NULL, 2, '2021-02-02 19:18:43', '2021-03-17 19:53:53', 0),
(19, 1, 'default.png', 18.00, 18.90, 20.00, 0, 7, '[]', 'C01-P131', '678096', 1, 0, 1, 0, NULL, NULL, '2021-02-02 19:19:19', '2021-02-14 21:59:01', 0),
(20, 3, 'default.png', 400.00, 420.00, NULL, 1, 1, '[]', 'C03-P3801', '678096', 1, 0, 1, 0, NULL, NULL, '2021-02-02 19:19:57', '2021-02-02 19:19:57', 0),
(21, 1, 'default.png', 65.00, 68.25, 63.00, 0, 11, '[null,null,null,null,null,null,null,null,null,null,null]', 'C01-P744', '678096', 1, 0, 1, 0, NULL, NULL, '2021-02-02 19:20:26', '2021-03-28 18:15:14', 0),
(22, 1, 'default.png', 11.00, 11.55, 11.00, 1, 127, '[]', 'C01-P4806', '678096', 1, 0, 1, 0, NULL, NULL, '2021-02-02 19:20:58', '2021-03-28 18:15:15', 0),
(23, 1, 'default.png', 15.00, 15.75, 15.00, 0, 52, '[]', 'C01-P2551', '678096', 1, 0, 1, 0, NULL, NULL, '2021-02-02 19:21:36', '2021-03-28 18:15:14', 0),
(24, 1, 'default.png', 2.00, 2.10, 2.00, 0, 73, '[null,null,null,null,null,null,null,null,null,null,null,null,null,null,null,null,null,null,null,null,null,null,null,null,null,null,null,null,null,null,null,null,null,null,null,null,null,null,null,null,null,null,null,null,null,null,null,null,null,null,null,null,null,null,null,null,null,null,null,null,null,null,null,null,null,null,null,null,null,null,null,null,null]', 'C01-P8449', '678096', 1, 0, 1, 0, NULL, NULL, '2021-02-02 19:22:12', '2021-03-28 18:15:15', 0),
(25, 1, 'default.png', 7.90, 8.95, 8.95, 0, 49, '[]', 'C01-P2480', '678096', 1, 0, 1, 0, NULL, NULL, '2021-02-02 19:22:56', '2021-02-04 23:41:17', 0),
(26, 1, 'default.png', 5.50, 5.75, 4.00, 0, 40, '[]', 'C01-P2309', '678096', 1, 0, 1, 0, NULL, NULL, '2021-02-02 19:23:36', '2021-03-28 18:15:15', 0),
(27, 1, 'default.png', 11.00, 11.55, 9.00, 0, 16, '[]', 'C01-P4501', '678096', 1, 0, 1, 0, NULL, NULL, '2021-02-02 19:24:06', '2021-03-28 18:15:14', 0),
(28, 1, 'default.png', 82.00, 86.10, 75.00, 4, 12, '[]', 'C01-P2539', '678096', 1, 0, 1, 0, NULL, NULL, '2021-02-02 19:24:44', '2021-03-28 18:15:14', 0),
(29, 1, 'default.png', 8.00, 8.40, 8.00, 0, 84, '[]', 'C01-P2506', '678096', 1, 0, 1, 0, NULL, NULL, '2021-02-02 19:25:15', '2021-03-28 18:15:14', 0),
(30, 1, 'default.png', 17.00, 17.85, 20.00, 0, 41, '[]', 'C01-P7516', '678096', 1, 0, 1, 0, NULL, NULL, '2021-02-02 19:25:45', '2021-03-28 18:15:13', 0),
(31, 1, 'default.png', 17.00, 17.85, 17.00, 0, 40, '[]', 'C01-P5875', '678096', 1, 0, 1, 0, NULL, NULL, '2021-02-02 19:26:20', '2021-03-28 18:15:13', 0),
(32, 1, 'default.png', 17.00, 17.85, 17.00, 0, 36, '[]', 'C01-P4622', '678096', 1, 0, 1, 0, NULL, NULL, '2021-02-02 19:26:56', '2021-03-28 18:15:13', 0),
(33, 1, 'default.png', 17.00, 17.85, 17.00, 0, 13, '[]', 'C01-P4739', '678096', 1, 0, 1, 0, NULL, NULL, '2021-02-02 19:27:26', '2021-03-28 18:15:14', 0),
(34, 1, 'default.png', 17.00, 17.85, 20.00, 0, 42, '[null,null,null,null,null,null,null,null,null,null,null,null,null,null,null,null,null,null,null,null,null,null,null,null,null,null,null,null,null,null,null,null,null,null,null,null,null,null,null,null,null,null]', 'C01-P9687', '678096', 1, 0, 1, 0, NULL, NULL, '2021-02-02 19:28:09', '2021-03-28 18:15:14', 0),
(35, 1, 'default.png', 17.00, 17.85, 17.00, 0, 35, '[]', 'C01-P4915', '678096', 1, 0, 1, 0, NULL, NULL, '2021-02-02 19:28:36', '2021-03-28 18:15:13', 0),
(36, 1, 'default.png', 9.00, 9.45, 11.00, 0, 1, '[]', 'C01-P4333', '678096', 1, 0, 1, 0, NULL, NULL, '2021-02-02 19:29:18', '2021-02-16 00:03:32', 0),
(37, 1, 'default.png', 5.00, 5.25, 5.50, 9, 21, '[]', 'C01-P4653', '678096', 1, 0, 1, 0, NULL, NULL, '2021-02-02 19:29:51', '2021-03-16 16:15:04', 0),
(38, 1, 'default.png', 8.00, 8.40, 6.00, 22, 74, '[]', 'C01-P3153', '678096', 1, 0, 1, 0, NULL, NULL, '2021-02-02 19:30:23', '2021-03-28 18:15:15', 0),
(39, 1, 'default.png', 7.00, 7.35, 15.00, 128, 344, '[]', 'C01-P3205', '678096', 1, 0, 1, 0, NULL, NULL, '2021-02-02 19:30:58', '2021-03-28 18:15:15', 0),
(40, 1, 'default.png', 17.00, 17.85, 20.00, 0, 12, '[]', 'C01-P1468', '678096', 1, 0, 1, 0, NULL, NULL, '2021-02-02 19:31:29', '2021-03-28 18:15:14', 0),
(41, 1, 'default.png', 7.75, 8.75, 20.00, 0, 21, '[]', 'C01-P1809', '678096', 1, 0, 1, 0, NULL, NULL, '2021-02-02 19:33:02', '2021-03-28 18:15:14', 0),
(42, 1, 'default.png', 6.50, 7.00, 6.00, 0, 45, '[null,null,null,null,null,null,null,null,null,null,null,null,null,null,null,null,null,null,null,null,null,null,null,null,null,null,null,null,null,null,null,null,null,null,null,null,null,null,null,null,null,null,null,null,null]', 'C01-P1921', '678096', 1, 0, 1, 0, NULL, NULL, '2021-02-02 19:33:39', '2021-03-28 18:15:15', 0),
(43, 1, 'default.png', 6.50, 7.00, 7.00, 0, 38, '[null,null,null,null,null,null,null,null,null,null,null,null,null,null,null,null,null,null,null,null,null,null,null,null,null,null,null,null,null,null,null,null,null,null,null,null,null,null]', 'C01-P2713', '678096', 1, 0, 1, 0, NULL, NULL, '2021-02-02 19:34:28', '2021-03-03 23:58:29', 0),
(44, 1, 'default.png', 20.00, 21.00, NULL, 0, 1, '[]', 'C01-P6181', '678096', 1, 0, 1, 2, NULL, NULL, '2021-02-02 19:35:50', '2021-02-11 17:57:46', 0),
(45, 1, 'default.png', 16.25, 18.00, 17.00, 0, 37, '[]', 'C01-P5278', '678096', 1, 0, 1, 0, NULL, NULL, '2021-02-02 19:36:34', '2021-03-28 18:15:14', 0),
(46, 1, 'default.png', 22.25, 23.25, 29.00, 0, 9, '[]', 'C01-P1530', '678096', 1, 0, 1, 0, NULL, NULL, '2021-02-02 19:37:11', '2021-02-03 23:27:56', 0),
(47, 1, 'default.png', 20.00, 21.00, NULL, 0, 1, '[]', 'C01-P7965', '678096', 1, 0, 1, 2, NULL, NULL, '2021-02-02 19:37:47', '2021-02-11 17:55:09', 0),
(48, 1, 'default.png', 2.00, 2.10, NULL, 36, 36, '[]', 'C01-P8966', '678096', 1, 0, 1, 0, NULL, NULL, '2021-02-02 19:38:15', '2021-02-02 19:38:15', 0),
(49, 1, 'default.png', 22.00, 23.10, 18.50, 0, 82, '[]', 'C01-P6734', '678096', 1, 0, 1, 0, NULL, NULL, '2021-02-02 19:38:53', '2021-03-28 18:15:13', 0),
(50, 1, 'default.png', 16.50, 17.25, 16.00, 10, 52, '[]', 'C01-P7909', '678096', 1, 0, 1, 0, NULL, NULL, '2021-02-02 19:39:33', '2021-03-28 18:15:14', 0),
(51, 1, 'default.png', 6.50, 7.00, 6.00, 0, 135, '[]', 'C01-P4936', '678096', 1, 0, 1, 0, NULL, NULL, '2021-02-02 19:40:16', '2021-03-21 17:14:01', 0),
(52, 1, 'default.png', 48.00, 50.40, 52.00, 0, 21, '[]', 'C01-P829', '678096', 1, 0, 1, 0, NULL, NULL, '2021-02-02 19:40:54', '2021-03-21 17:14:01', 0),
(53, 1, 'default.png', 199.00, 208.95, 210.00, 0, 100, '[null,null,null,null,null,null,null,null,null,null,null,null,null,null,null,null,null,null,null,null,null,null,null,null,null,null,null,null,null,null,null,null,null,null,null,null,null,null,null,null,null,null,null,null,null,null,null,null,null,null,null,null,null,null,null,null,null,null,null,null,null,null,null,null,null,null,null,null,null,null,null,null,null,null,null,null,null,null,null,null,null,null,null,null,null,null,null,null,null,null,null,null,null,null,null,null,null,null,null,null]', 'C01-P8701', '678096', 1, 0, 1, 0, NULL, NULL, '2021-02-02 19:41:36', '2021-03-10 21:17:12', 0),
(54, 1, 'default.png', 70.00, 73.50, 75.00, 2, 5, '[]', 'C01-P2358', '678096', 1, 0, 1, 0, NULL, NULL, '2021-02-02 19:42:10', '2021-03-29 21:30:20', 0),
(55, 1, 'default.png', 12.00, 12.60, 14.50, 6, 11, '[]', 'C01-P2086', '678096', 1, 0, 1, 0, NULL, NULL, '2021-02-02 19:42:46', '2021-03-29 21:30:20', 0),
(56, 1, 'default.png', 14.00, 14.70, 14.50, 8, 8, '[]', 'C01-P9262', '678096', 1, 0, 1, 0, NULL, NULL, '2021-02-02 19:43:33', '2021-02-24 20:24:31', 0),
(57, 1, 'default.png', 12.50, 13.25, 14.30, 0, 47, '[]', 'C01-P4566', '678096', 1, 0, 1, 0, NULL, NULL, '2021-02-02 19:44:23', '2021-03-29 21:30:20', 0),
(58, 1, 'default.png', 3.75, 4.00, 4.50, 14, 144, '[]', 'C01-P2743', '678096', 1, 0, 1, 0, NULL, NULL, '2021-02-02 19:45:14', '2021-03-29 21:30:20', 0),
(59, 1, 'default.png', 2.00, 2.10, 2.50, 120, 240, '[]', 'C01-P203', '678096', 1, 0, 1, 0, NULL, NULL, '2021-02-02 19:45:47', '2021-03-29 21:30:20', 0),
(60, 1, 'default.png', 80.00, 84.00, 86.00, 10, 25, '[null,null,null,null,null,null,null,null,null,null,null,null,null,null,null,null,null,null,null,null,null,null,null,null,null]', 'C01-P9495', '678096', 1, 0, 1, 2, NULL, NULL, '2021-02-02 19:46:18', '2021-03-29 21:30:20', 0),
(61, 1, 'default.png', 3.50, 4.00, 4.50, 92, 142, '[]', 'C01-P3604', '678096', 1, 0, 1, 0, NULL, NULL, '2021-02-02 19:47:12', '2021-02-03 23:20:50', 0),
(62, 1, 'default.png', 23.00, 24.15, 24.00, 21, 26, '[]', 'C01-P3932', '678096', 1, 0, 1, 0, NULL, NULL, '2021-02-02 19:47:40', '2021-03-13 21:06:30', 0),
(63, 1, 'default.png', 24.00, 25.20, 25.00, 31, 34, '[]', 'C01-P4825', '678096', 1, 0, 1, 0, NULL, NULL, '2021-02-02 19:48:20', '2021-03-13 21:06:30', 0),
(64, 1, 'default.png', 6.00, 6.30, 8.00, 4, 69, '[]', 'C01-P2101', '678096', 1, 0, 1, 0, NULL, NULL, '2021-02-02 19:48:49', '2021-02-22 17:14:38', 0),
(65, 1, 'default.png', 2.75, 3.00, 4.50, 0, 124, '[]', 'C01-P2510', '678096', 1, 0, 1, 0, NULL, NULL, '2021-02-02 19:49:32', '2021-02-03 23:20:50', 0),
(66, 1, 'default.png', 13.00, 13.65, 14.70, 1, 81, '[]', 'C01-P1818', '678096', 1, 0, 1, 0, NULL, NULL, '2021-02-02 19:50:03', '2021-03-29 21:30:20', 0),
(67, 1, 'default.png', 6.00, 6.30, 7.00, 26, 27, '[]', 'C01-P3176', '678096', 1, 0, 1, 0, NULL, NULL, '2021-02-02 19:50:29', '2021-02-25 00:44:10', 0),
(68, 1, 'default.png', 10.00, 10.50, 11.00, 24, 26, '[]', 'C01-P7823', '678096', 1, 0, 1, 0, NULL, NULL, '2021-02-02 19:51:05', '2021-02-24 20:24:31', 0),
(69, 1, 'default.png', 13.50, 15.00, 15.00, 80, 82, '[]', 'C01-P6250', '678096', 1, 0, 1, 0, NULL, NULL, '2021-02-02 19:51:48', '2021-02-25 00:44:10', 0),
(70, 1, 'default.png', 23.00, 24.15, NULL, 0, 4, '[]', 'C01-P1176', '678096', 1, 0, 1, 2, NULL, NULL, '2021-02-02 19:53:42', '2021-02-11 17:50:00', 0),
(71, 1, 'default.png', 15.50, 17.00, 19.00, 38, 81, '[]', 'C01-P3255', '678096', 1, 0, 1, 0, NULL, NULL, '2021-02-02 19:54:23', '2021-03-29 21:30:20', 0),
(72, 1, 'default.png', 19.00, 19.95, 22.00, 6, 17, '[]', 'C01-P7727', '678096', 1, 0, 1, 0, NULL, NULL, '2021-02-02 19:54:57', '2021-03-29 21:30:20', 0),
(73, 1, 'default.png', 18.50, 20.00, 23.00, 0, 1, '[]', 'C01-P5967', '678096', 1, 0, 1, 0, NULL, NULL, '2021-02-02 19:55:52', '2021-02-14 21:55:41', 0),
(74, 1, 'default.png', 37.00, 38.85, 39.00, 6, 7, '[]', 'C01-P175', '678096', 1, 0, 1, 0, NULL, NULL, '2021-02-02 19:56:24', '2021-03-01 21:22:56', 0),
(75, 1, 'default.png', 9.50, 10.00, 10.00, 49, 50, '[]', 'C01-P7756', '678096', 1, 0, 1, 0, NULL, NULL, '2021-02-02 19:57:04', '2021-02-25 00:44:10', 0),
(76, 1, 'default.png', 12.00, 12.60, 13.00, 90, 91, '[]', 'C01-P6613', '678096', 1, 0, 1, 0, NULL, NULL, '2021-02-02 19:57:42', '2021-02-25 00:44:10', 0),
(77, 1, 'default.png', 52.00, 54.60, 54.60, 0, 6, '[null,null,null,null,null,null]', 'C01-P8866', '678096', 1, 0, 1, 0, NULL, NULL, '2021-02-02 19:58:26', '2021-03-29 21:30:20', 0),
(78, 1, 'default.png', 11.50, 13.00, 14.00, 0, 24, '[]', 'C01-P3094', '678096', 1, 0, 1, 0, NULL, NULL, '2021-02-02 19:59:00', '2021-02-11 19:07:08', 0),
(79, 1, 'default.png', 10.00, 10.50, 11.50, 38, 128, '[]', 'C01-P7122', '678096', 1, 0, 1, 0, NULL, NULL, '2021-02-02 19:59:35', '2021-03-29 21:30:20', 0),
(80, 1, 'default.png', 14.50, 16.00, 15.50, 10, 20, '[]', 'C01-P7456', '678096', 1, 0, 1, 0, NULL, NULL, '2021-02-02 20:00:17', '2021-03-29 21:30:20', 0),
(81, 1, 'default.png', 10.00, 10.50, 10.50, 0, 10, '[]', 'C01-P6279', '678096', 1, 0, 1, 0, NULL, NULL, '2021-02-02 20:00:47', '2021-02-04 23:41:17', 0),
(82, 1, 'default.png', 9.50, 10.00, NULL, 0, 4, '[]', 'C01-P2532', '678096', 1, 0, 1, 2, NULL, NULL, '2021-02-02 20:01:21', '2021-02-11 17:45:05', 0),
(83, 1, 'default.png', 10.00, 10.50, 12.00, 35, 36, '[]', 'C01-P6884', '678096', 1, 0, 1, 0, NULL, NULL, '2021-02-02 20:02:29', '2021-02-25 00:44:10', 0),
(84, 1, 'default.png', 10.00, 10.50, 10.50, 54, 65, '[]', 'C01-P2752', '678096', 1, 0, 1, 2, NULL, NULL, '2021-02-02 20:03:04', '2021-03-01 21:54:02', 0),
(85, 1, 'default.png', 8.00, 8.40, 10.00, 0, 16, '[]', 'C01-P2000', '678096', 1, 0, 1, 0, NULL, NULL, '2021-02-02 20:03:36', '2021-02-23 20:30:27', 0),
(86, 1, 'default.png', 119.50, 125.75, 135.00, 17, 32, '[null,null,null,null,null,null,null,null,null,null,null,null,null,null,null,null,null,null,null,null,null,null,null,null,null,null,null,null,null,null,null,null]', 'C01-P202', '678096', 1, 1, 1, 2, NULL, 2, '2021-02-02 20:04:16', '2021-03-29 21:23:11', 0),
(87, 1, 'default.png', 13.50, 15.00, 15.00, 0, 41, '[]', 'C01-P4020', '678096', 1, 0, 1, 0, NULL, NULL, '2021-02-02 20:05:12', '2021-03-23 00:32:00', 0),
(88, 1, 'default.png', 17.50, 19.00, 19.00, 0, 16, '[]', 'C01-P6200', '678096', 1, 0, 1, 0, NULL, NULL, '2021-02-02 20:05:50', '2021-03-22 23:06:25', 0),
(89, 1, 'default.png', 10.00, 10.50, 9.00, 0, 54, '[]', 'C01-P3930', '678096', 1, 0, 1, 0, NULL, NULL, '2021-02-02 20:06:30', '2021-03-28 18:15:14', 0),
(90, 1, 'default.png', 58.00, 60.90, 60.00, 0, 40, '[]', 'C01-P8871', '678096', 1, 0, 1, 0, NULL, NULL, '2021-02-02 20:07:05', '2021-03-21 17:14:01', 0),
(91, 1, 'default.png', 57.00, 59.85, 60.00, 0, 28, '[]', 'C01-P4227', '678096', 1, 0, 1, 0, NULL, NULL, '2021-02-02 20:07:33', '2021-03-14 23:38:37', 0),
(92, 1, 'default.png', 42.00, 44.10, 44.00, 0, 24, '[]', 'C01-P475', '678096', 1, 0, 1, 0, NULL, NULL, '2021-02-02 20:08:03', '2021-03-21 17:14:01', 0),
(93, 1, 'default.png', 3.85, 5.00, 4.75, 77, 77, '[]', 'C01-P1899', '678096', 1, 0, 1, 0, NULL, NULL, '2021-02-02 20:08:55', '2021-02-24 20:24:31', 0),
(94, 1, 'default.png', 5.50, 6.00, 7.50, 0, 186, '[]', 'C01-P3345', '678096', 1, 0, 1, 0, NULL, NULL, '2021-02-02 20:09:41', '2021-02-06 22:28:15', 0),
(96, 1, 'default.png', 3.25, 4.00, 3.00, 0, 62, '[]', 'C01-P5346', '678096', 1, 0, 1, 0, NULL, NULL, '2021-02-02 20:10:47', '2021-03-28 18:15:15', 0),
(97, 1, 'default.png', 7.50, 8.00, NULL, 31, 31, '[null,null,null,null,null,null,null,null,null,null,null,null,null,null,null,null,null,null,null,null,null,null,null,null,null,null,null,null,null,null,null]', 'C01-P6045', '678096', 1, 0, 1, 0, NULL, NULL, '2021-02-02 20:11:21', '2021-02-04 18:25:06', 0),
(98, 1, 'default.png', 23.00, 24.15, 24.50, 0, 32, '[]', 'C01-P5353', '678096', 1, 0, 1, 0, NULL, NULL, '2021-02-02 20:11:55', '2021-03-29 21:30:20', 0),
(99, 1, 'default.png', 152.00, 159.60, 155.00, 1, 12, '[null,null,null,null,null,null,null,null,null,null,null,null]', 'C01-P3526', '678096', 1, 0, 1, 0, NULL, NULL, '2021-02-02 20:12:25', '2021-02-23 20:30:27', 0),
(100, 1, 'default.png', 113.00, 118.65, 119.00, 9, 12, '[]', 'C01-P9614', '678096', 1, 0, 1, 0, NULL, NULL, '2021-02-02 20:12:58', '2021-02-25 00:44:10', 0),
(101, 2, 'default.png', 135.00, 141.75, 275.00, 6, 52, '[]', 'C02-P8188', '678096', 1, 0, 1, 0, NULL, NULL, '2021-02-02 20:13:53', '2021-02-19 00:04:21', 0),
(102, 1, 'default.png', 15.00, 15.75, 27.00, 7, 8, '[]', 'C01-P4174', '700242', 1, 0, 2, 0, NULL, NULL, '2021-02-02 20:18:11', '2021-02-15 22:40:07', 0),
(103, 1, 'default.png', 37.00, 38.85, NULL, 6, 6, '[]', 'C01-P4195', '700242', 1, 0, 2, 0, NULL, NULL, '2021-02-02 20:47:16', '2021-02-02 20:47:16', 0),
(104, 1, 'default.png', 23.00, 24.15, NULL, 3, 3, '[]', 'C01-P8688', '700242', 1, 0, 2, 0, NULL, NULL, '2021-02-02 20:47:54', '2021-02-02 20:47:54', 0),
(105, 1, 'default.png', 23.00, 24.15, NULL, 3, 3, '[]', 'C01-P1891', '700242', 1, 0, 2, 0, NULL, NULL, '2021-02-02 20:48:31', '2021-02-02 20:48:31', 0),
(106, 1, 'default.png', 24.00, 25.20, NULL, 4, 4, '[]', 'C01-P8468', '700242', 1, 0, 2, 0, NULL, NULL, '2021-02-02 20:49:32', '2021-02-02 20:49:32', 0),
(107, 1, 'default.png', 15.00, 15.75, 25.00, 0, 3, '[]', 'C01-P4675', '700242', 1, 0, 2, 0, NULL, NULL, '2021-02-02 20:50:17', '2021-03-21 21:46:17', 0),
(108, 1, 'default.png', 119.50, 126.00, 260.00, 1, 2, '[]', 'C01-P895', '700242', 1, 0, 2, 0, NULL, NULL, '2021-02-02 20:51:07', '2021-03-14 20:13:45', 0),
(109, 1, 'default.png', 20.00, 21.00, NULL, 4, 4, '[]', 'C01-P3665', '700242', 1, 0, 2, 0, NULL, NULL, '2021-02-02 20:51:43', '2021-02-02 20:51:43', 0),
(110, 1, 'default.png', 35.00, 36.75, NULL, 10, 10, '[]', 'C01-P9195', '700242', 1, 0, 2, 0, NULL, NULL, '2021-02-02 20:52:19', '2021-02-02 20:52:19', 0),
(111, 1, 'default.png', 19.50, 21.00, NULL, 2, 2, '[]', 'C01-P4162', '700242', 1, 0, 2, 0, NULL, NULL, '2021-02-02 20:52:58', '2021-02-02 20:52:58', 0),
(112, 1, 'default.png', 7.00, 7.35, NULL, 10, 10, '[]', 'C01-P1762', '700242', 1, 0, 2, 0, NULL, NULL, '2021-02-02 20:53:36', '2021-02-02 20:53:36', 0),
(113, 1, 'default.png', 38.00, 39.90, 60.00, 0, 4, '[]', 'C01-P676', '700242', 1, 0, 2, 0, NULL, NULL, '2021-02-02 20:54:08', '2021-03-07 22:40:33', 0),
(114, 1, 'default.png', 52.00, 54.60, 65.00, 0, 2, '[]', 'C01-P8051', '700242', 1, 0, 2, 0, NULL, NULL, '2021-02-02 20:54:44', '2021-03-07 22:40:33', 0),
(115, 1, 'default.png', 74.00, 77.70, 80.00, 4, 5, '[]', 'C01-P8067', '700242', 1, 0, 2, 0, NULL, NULL, '2021-02-02 20:55:22', '2021-03-21 21:44:05', 0),
(116, 1, 'default.png', 280.00, 294.00, 290.00, 3, 4, '[]', 'C01-P2063', '700242', 1, 0, 2, 0, NULL, NULL, '2021-02-02 20:56:07', '2021-03-14 20:29:38', 0),
(117, 1, 'default.png', 55.00, 57.75, NULL, 3, 3, '[]', 'C01-P7141', '700242', 1, 0, 2, 0, NULL, NULL, '2021-02-02 20:56:32', '2021-02-02 20:56:32', 0),
(118, 1, 'default.png', 80.00, 84.00, 135.00, 2, 4, '[]', 'C01-P4317', '700242', 1, 0, 2, 0, NULL, NULL, '2021-02-02 20:57:02', '2021-02-15 22:37:46', 0),
(119, 1, 'default.png', 32.00, 33.60, NULL, 5, 5, '[null,null,null,null,null,null,null,null,null,null]', 'C01-P3922', '700242', 1, 0, 2, 0, NULL, NULL, '2021-02-02 20:57:33', '2021-02-11 18:20:51', 0),
(120, 1, 'default.png', 31.00, 32.55, NULL, 13, 13, '[]', 'C01-P3931', '700242', 1, 0, 2, 0, NULL, NULL, '2021-02-02 20:58:10', '2021-02-02 20:58:10', 0),
(121, 1, 'default.png', 22.25, 24.00, 35.00, 12, 13, '[]', 'C01-P3195', '700242', 1, 0, 2, 0, NULL, NULL, '2021-02-02 20:58:44', '2021-03-07 22:58:27', 0),
(122, 1, 'default.png', 36.00, 37.80, NULL, 5, 5, '[]', 'C01-P8024', '700242', 1, 0, 2, 0, NULL, NULL, '2021-02-02 20:59:13', '2021-02-02 20:59:13', 0),
(123, 1, 'default.png', 7.75, 9.00, 25.00, 11, 14, '[]', 'C01-P2158', '700242', 1, 0, 2, 0, NULL, NULL, '2021-02-02 20:59:56', '2021-03-21 21:46:17', 0),
(124, 1, 'default.png', 7.75, 9.00, 20.00, 10, 15, '[]', 'C01-P3585', '700242', 1, 0, 2, 0, NULL, NULL, '2021-02-02 21:00:36', '2021-03-21 21:47:47', 0),
(125, 1, 'default.png', 3.50, 4.00, 10.00, 5, 7, '[]', 'C01-P7400', '700242', 1, 0, 2, 0, NULL, NULL, '2021-02-02 21:01:22', '2021-03-14 21:18:45', 0),
(126, 1, 'default.png', 4.00, 4.20, NULL, 12, 12, '[]', 'C01-P9287', '700242', 1, 0, 2, 0, NULL, NULL, '2021-02-02 21:01:54', '2021-02-02 21:01:54', 0),
(127, 1, 'default.png', 18.00, 18.90, NULL, 6, 6, '[]', 'C01-P4225', '700242', 1, 0, 2, 0, NULL, NULL, '2021-02-02 21:02:23', '2021-02-02 21:02:23', 0),
(128, 1, 'default.png', 105.00, 110.25, NULL, 1, 1, '[]', 'C01-P1993', '700242', 1, 0, 2, 0, NULL, NULL, '2021-02-02 21:02:56', '2021-02-02 21:02:56', 0),
(129, 1, 'default.png', 47.00, 49.35, NULL, 5, 5, '[]', 'C01-P1979', '700242', 1, 0, 2, 0, NULL, NULL, '2021-02-02 21:03:30', '2021-02-02 21:03:30', 0),
(130, 1, 'default.png', 23.00, 24.15, NULL, 19, 19, '[]', 'C01-P6417', '700242', 1, 0, 2, 0, NULL, NULL, '2021-02-02 21:04:07', '2021-02-02 21:04:07', 0),
(131, 1, 'default.png', 28.00, 29.40, NULL, 10, 10, '[]', 'C01-P6779', '700242', 1, 0, 2, 0, NULL, NULL, '2021-02-02 21:04:42', '2021-02-02 21:04:42', 0),
(132, 1, 'default.png', 39.00, 40.95, NULL, 2, 2, '[]', 'C01-P4966', '700242', 1, 0, 2, 0, NULL, NULL, '2021-02-02 21:05:09', '2021-02-02 21:05:09', 0),
(133, 1, 'default.png', 38.00, 39.90, NULL, 5, 5, '[]', 'C01-P5395', '700242', 1, 0, 2, 0, NULL, NULL, '2021-02-02 21:05:35', '2021-02-02 21:05:35', 0),
(134, 1, 'default.png', 29.50, 31.00, 40.00, 3, 5, '[]', 'C01-P777', '700242', 1, 0, 2, 0, NULL, NULL, '2021-02-02 21:06:08', '2021-03-08 22:42:51', 0),
(135, 1, 'default.png', 205.00, 215.25, NULL, 0, 2, '[]', 'C01-P768', '700242', 1, 0, 2, 2, NULL, 1, '2021-02-02 21:06:40', '2021-03-13 20:46:06', 0),
(136, 1, 'default.png', 60.00, 63.00, 120.00, 1, 4, '[]', 'C01-P4087', '700242', 1, 0, 2, 0, NULL, NULL, '2021-02-02 21:07:11', '2021-03-14 21:18:45', 0),
(137, 1, 'default.png', 52.00, 54.60, 120.00, 2, 4, '[]', 'C01-P1288', '700242', 1, 0, 2, 0, NULL, NULL, '2021-02-02 21:07:43', '2021-03-07 22:40:33', 0),
(138, 1, 'default.png', 60.00, 63.00, NULL, 1, 1, '[]', 'C01-P55', '700242', 1, 0, 2, 0, NULL, NULL, '2021-02-02 21:08:34', '2021-02-02 21:08:34', 0),
(139, 1, 'default.png', 94.00, 98.70, 120.00, 1, 5, '[]', 'C01-P9093', '700242', 1, 0, 2, 0, NULL, NULL, '2021-02-02 21:09:13', '2021-03-14 20:29:38', 0),
(140, 1, 'default.png', 22.00, 23.10, 23.25, 19, 20, '[]', 'C01-P5701', '700242', 1, 0, 2, 0, NULL, NULL, '2021-02-02 21:09:46', '2021-02-25 00:44:11', 0),
(141, 1, 'default.png', 5.00, 5.25, NULL, 4, 4, '[]', 'C01-P6275', '700242', 1, 0, 2, 0, NULL, NULL, '2021-02-02 21:10:38', '2021-02-02 21:10:38', 0),
(142, 1, 'default.png', 3.00, 3.15, NULL, 10, 10, '[]', 'C01-P4187', '700242', 1, 0, 2, 0, NULL, NULL, '2021-02-02 21:12:49', '2021-02-02 21:12:49', 0),
(143, 1, 'default.png', 3.50, 4.00, NULL, 9, 9, '[]', 'C01-P1698', '700242', 1, 0, 2, 0, NULL, NULL, '2021-02-02 21:13:25', '2021-02-02 21:13:25', 0),
(144, 1, 'default.png', 16.50, 18.00, NULL, 10, 10, '[]', 'C01-P1186', '700242', 1, 0, 2, 0, NULL, NULL, '2021-02-02 21:14:16', '2021-02-02 21:14:16', 0),
(145, 1, 'default.png', 5.75, 7.00, NULL, 4, 4, '[]', 'C01-P7553', '700242', 1, 0, 2, 0, NULL, NULL, '2021-02-02 21:15:07', '2021-02-02 21:15:07', 0),
(146, 1, 'default.png', 39.00, 40.95, NULL, 5, 5, '[]', 'C01-P2728', '700242', 1, 0, 2, 0, NULL, NULL, '2021-02-02 21:15:50', '2021-02-02 21:15:50', 0),
(147, 1, 'default.png', 40.00, 42.00, 50.00, 3, 4, '[]', 'C01-P8270', '700242', 1, 0, 2, 0, NULL, NULL, '2021-02-02 21:16:31', '2021-03-07 23:01:21', 0),
(148, 1, 'default.png', 11.00, 11.55, 30.00, 6, 7, '[null,null,null,null,null,null,null]', 'C01-P8867', '700242', 1, 0, 2, 0, NULL, NULL, '2021-02-02 21:16:59', '2021-03-21 21:50:00', 0),
(149, 1, 'default.png', 37.00, 38.85, NULL, 4, 4, '[]', 'C01-P5023', '700242', 1, 0, 2, 0, NULL, NULL, '2021-02-02 21:17:40', '2021-02-02 21:17:40', 0),
(150, 1, 'default.png', 58.00, 60.90, NULL, 1, 1, '[]', 'C01-P1656', '700242', 1, 0, 2, 0, NULL, NULL, '2021-02-02 21:18:12', '2021-02-02 21:18:12', 0),
(151, 1, 'default.png', 58.00, 60.90, NULL, 1, 1, '[]', 'C01-P9413', '700242', 1, 0, 2, 0, NULL, NULL, '2021-02-02 21:18:48', '2021-02-02 21:18:48', 0),
(152, 1, 'default.png', 22.50, 24.00, NULL, 5, 5, '[]', 'C01-P2986', '700242', 1, 0, 2, 0, NULL, NULL, '2021-02-02 21:20:07', '2021-02-02 21:20:07', 0),
(153, 1, 'default.png', 13.50, 15.00, NULL, 8, 8, '[]', 'C01-P2601', '700242', 1, 0, 2, 0, NULL, NULL, '2021-02-02 21:20:52', '2021-02-02 21:20:52', 0),
(154, 1, 'default.png', 18.00, 18.90, NULL, 8, 8, '[]', 'C01-P4890', '700242', 1, 0, 2, 0, NULL, NULL, '2021-02-02 21:21:31', '2021-02-02 21:21:31', 0),
(155, 1, 'default.png', 63.00, 66.15, NULL, 4, 4, '[]', 'C01-P119', '700242', 1, 0, 2, 0, NULL, NULL, '2021-02-02 21:21:59', '2021-02-02 21:21:59', 0),
(156, 1, 'default.png', 6.50, 7.00, NULL, 10, 10, '[]', 'C01-P2228', '700242', 1, 0, 2, 0, NULL, NULL, '2021-02-02 21:22:47', '2021-02-02 21:22:47', 0),
(157, 1, 'default.png', 48.50, 51.00, NULL, 13, 13, '[]', 'C01-P3528', '700242', 1, 0, 2, 0, NULL, NULL, '2021-02-02 21:23:36', '2021-02-02 21:23:36', 0),
(158, 1, 'default.png', 1.00, 1.05, 45.00, 11, 13, '[]', 'C01-P1115', '700242', 1, 0, 2, 0, NULL, NULL, '2021-02-02 21:24:14', '2021-03-14 21:18:45', 0),
(159, 1, 'default.png', 35.00, 36.75, NULL, 5, 5, '[]', 'C01-P3725', '700242', 1, 0, 2, 0, NULL, NULL, '2021-02-02 21:24:57', '2021-02-02 21:24:57', 0),
(160, 1, 'default.png', 4.75, 5.00, 5.00, 4, 7, '[]', 'C01-P138', '700242', 1, 0, 2, 0, NULL, NULL, '2021-02-02 21:25:28', '2021-02-21 19:32:07', 0),
(161, 1, 'default.png', 38.00, 39.90, NULL, 3, 3, '[]', 'C01-P6090', '700242', 1, 0, 2, 0, NULL, NULL, '2021-02-02 21:25:56', '2021-02-02 21:25:56', 0),
(162, 1, 'default.png', 150.00, 157.50, 280.00, 1, 1, '[]', 'C01-P5059', '700242', 1, 0, 2, 0, NULL, NULL, '2021-02-02 21:26:25', '2021-03-14 20:13:44', 0),
(163, 1, 'default.png', 225.00, 236.25, NULL, 1, 1, '[]', 'C01-P927', '700242', 1, 0, 2, 0, NULL, NULL, '2021-02-02 21:26:55', '2021-02-02 21:26:55', 0),
(164, 1, 'default.png', 75.00, 78.75, NULL, 5, 5, '[]', 'C01-P9527', '700242', 1, 0, 2, 0, NULL, NULL, '2021-02-02 21:27:22', '2021-02-02 21:27:22', 0),
(165, 3, 'default.png', 1400.00, 1470.00, NULL, 1, 1, '[]', 'C03-P1378', '700242', 1, 0, 2, 0, NULL, NULL, '2021-02-02 21:28:03', '2021-02-02 21:28:03', 0),
(166, 1, 'default.png', 20.00, 21.00, NULL, 9, 9, '[null,null,null,null,null,null,null,null,null]', 'C01-P6043', '700242', 1, 0, 2, 0, NULL, NULL, '2021-02-02 21:28:29', '2021-02-11 18:23:09', 0),
(167, 1, 'default.png', 22.50, 24.00, NULL, 9, 9, '[null,null,null,null,null,null,null,null,null]', 'C01-P158', '700242', 1, 0, 2, 0, NULL, NULL, '2021-02-02 21:29:02', '2021-02-11 17:47:44', 0),
(168, 1, 'default.png', 48.00, 50.40, NULL, 6, 6, '[]', 'C01-P6343', '700242', 1, 0, 2, 0, NULL, NULL, '2021-02-02 21:32:30', '2021-02-02 21:32:30', 0),
(169, 1, 'default.png', 62.00, 65.10, 120.00, 4, 5, '[]', 'C01-P4921', '700242', 1, 0, 2, 0, NULL, NULL, '2021-02-02 21:33:07', '2021-02-15 22:40:07', 0),
(170, 1, 'default.png', 10.50, 12.00, 20.00, 19, 20, '[]', 'C01-P8084', '700242', 1, 0, 2, 0, NULL, NULL, '2021-02-02 21:33:53', '2021-03-07 22:40:33', 0),
(171, 1, 'default.png', 42.00, 44.10, NULL, 5, 5, '[]', 'C01-P5506', '700242', 1, 0, 2, 0, NULL, NULL, '2021-02-02 21:34:25', '2021-02-02 21:34:25', 0),
(172, 1, 'default.png', 57.00, 59.85, NULL, 5, 5, '[]', 'C01-P6353', '700242', 1, 0, 2, 0, NULL, NULL, '2021-02-02 21:35:04', '2021-02-02 21:35:04', 0),
(173, 1, 'default.png', 14.50, 16.00, NULL, 4, 4, '[]', 'C01-P128', '700242', 1, 0, 2, 0, NULL, NULL, '2021-02-02 21:35:49', '2021-02-02 21:35:49', 0),
(174, 1, 'default.png', 85.00, 89.25, NULL, 2, 2, '[]', 'C01-P5671', '700242', 1, 0, 2, 0, NULL, NULL, '2021-02-02 21:36:20', '2021-02-02 21:36:20', 0),
(175, 1, 'default.png', 12.50, 14.00, NULL, 3, 3, '[]', 'C01-P5045', '700242', 1, 0, 2, 0, NULL, NULL, '2021-02-02 21:36:54', '2021-02-02 21:36:54', 0),
(176, 1, 'default.png', 15.50, 17.00, NULL, 5, 5, '[]', 'C01-P2474', '700242', 1, 0, 2, 0, NULL, NULL, '2021-02-02 21:37:32', '2021-02-02 21:37:32', 0),
(177, 1, 'default.png', 25.00, 26.25, 40.00, 2, 4, '[null,null,null,null]', 'C01-P7960', '700242', 1, 0, 2, 0, NULL, NULL, '2021-02-02 21:38:03', '2021-03-14 21:18:45', 0),
(178, 1, 'default.png', 30.00, 31.50, NULL, 5, 5, '[]', 'C01-P7708', '700242', 1, 0, 2, 0, NULL, NULL, '2021-02-02 21:38:37', '2021-02-02 21:38:37', 0),
(179, 1, 'default.png', 10.00, 10.50, NULL, 3, 3, '[]', 'C01-P7129', '700242', 1, 0, 2, 0, NULL, NULL, '2021-02-02 21:39:12', '2021-02-02 21:39:12', 0),
(180, 1, 'default.png', 44.00, 46.20, 85.00, 0, 1, '[]', 'C01-P7767', '700242', 1, 0, 2, 0, NULL, NULL, '2021-02-02 21:39:41', '2021-03-07 22:40:33', 0),
(181, 1, 'default.png', 32.00, 33.60, 40.00, 9, 10, '[null,null,null,null,null,null,null,null,null,null]', 'C01-P510', '700242', 1, 0, 2, 0, NULL, NULL, '2021-02-02 21:40:11', '2021-03-07 23:01:21', 0),
(182, 1, 'default.png', 13.00, 13.65, 25.00, 4, 5, '[]', 'C01-P105', '700242', 1, 0, 2, 0, NULL, NULL, '2021-02-02 21:40:46', '2021-02-15 22:35:20', 0),
(183, 1, 'default.png', 30.00, 31.50, NULL, 1, 1, '[]', 'C01-P8598', '700242', 1, 0, 2, 0, NULL, NULL, '2021-02-02 21:41:12', '2021-02-02 21:41:12', 0),
(184, 1, 'default.png', 28.00, 29.40, NULL, 4, 4, '[]', 'C01-P48', '700242', 1, 0, 2, 0, NULL, NULL, '2021-02-02 21:41:44', '2021-02-02 21:41:44', 0),
(185, 1, 'default.png', 27.00, 28.35, NULL, 5, 5, '[]', 'C01-P1349', '700242', 1, 0, 2, 0, NULL, NULL, '2021-02-02 21:42:11', '2021-02-02 21:42:11', 0),
(186, 1, 'default.png', 29.00, 30.45, NULL, 8, 8, '[]', 'C01-P1969', '700242', 1, 0, 2, 0, NULL, NULL, '2021-02-02 21:42:43', '2021-02-02 21:42:43', 0),
(187, 1, 'default.png', 18.50, 20.00, NULL, 3, 3, '[]', 'C01-P1219', '700242', 1, 0, 2, 0, NULL, NULL, '2021-02-02 21:43:17', '2021-02-02 21:43:17', 0),
(188, 1, 'default.png', 23.50, 25.00, NULL, 2, 2, '[]', 'C01-P1997', '700242', 1, 0, 2, 0, NULL, NULL, '2021-02-02 21:43:51', '2021-02-02 21:43:51', 0),
(189, 1, 'default.png', 16.00, 16.80, NULL, 4, 4, '[]', 'C01-P4152', '700242', 1, 0, 2, 0, NULL, NULL, '2021-02-02 21:44:16', '2021-02-02 21:44:16', 0),
(190, 1, 'default.png', 12.00, 12.60, NULL, 3, 3, '[]', 'C01-P4547', '700242', 1, 0, 2, 0, NULL, NULL, '2021-02-02 21:54:09', '2021-02-02 21:54:09', 0),
(191, 1, 'default.png', 14.00, 14.70, NULL, 3, 3, '[]', 'C01-P6384', '700242', 1, 0, 2, 0, NULL, NULL, '2021-02-02 21:54:43', '2021-02-02 21:54:43', 0),
(192, 1, 'default.png', 34.00, 35.70, 50.00, 3, 4, '[]', 'C01-P6945', '700242', 1, 0, 2, 0, NULL, NULL, '2021-02-02 21:55:19', '2021-03-21 21:50:00', 0),
(193, 1, 'default.png', 28.00, 29.40, NULL, 5, 5, '[]', 'C01-P8576', '700242', 1, 0, 2, 0, NULL, NULL, '2021-02-02 21:55:52', '2021-02-02 21:55:52', 0),
(194, 1, 'default.png', 34.00, 35.70, NULL, 3, 3, '[]', 'C01-P7839', '700242', 1, 0, 2, 0, NULL, NULL, '2021-02-02 21:56:22', '2021-02-02 21:56:22', 0),
(195, 1, 'default.png', 23.00, 24.15, NULL, 4, 4, '[]', 'C01-P2843', '700242', 1, 0, 2, 0, NULL, NULL, '2021-02-02 21:56:59', '2021-02-02 21:56:59', 0),
(196, 1, 'default.png', 13.50, 15.00, NULL, 3, 3, '[]', 'C01-P3581', '700242', 1, 0, 2, 0, NULL, NULL, '2021-02-02 21:57:30', '2021-02-02 21:57:30', 0),
(197, 1, 'default.png', 17.50, 19.00, NULL, 2, 2, '[]', 'C01-P3564', '700242', 1, 0, 2, 0, NULL, NULL, '2021-02-02 21:58:01', '2021-02-02 21:58:01', 0),
(198, 1, 'default.png', 16.25, 18.00, 25.00, 12, 13, '[null,null,null,null,null,null,null,null,null,null,null,null,null]', 'C01-P8960', '700242', 1, 0, 2, 0, NULL, NULL, '2021-02-02 21:58:34', '2021-03-21 21:50:00', 0),
(199, 1, 'default.png', 6.25, 7.00, NULL, 11, 11, '[null,null,null,null,null,null,null,null,null,null,null]', 'C01-P7788', '700242', 1, 0, 2, 0, NULL, NULL, '2021-02-02 21:59:06', '2021-02-11 17:56:12', 0),
(200, 1, 'default.png', 8.00, 8.40, NULL, 8, 8, '[]', 'C01-P780', '700242', 1, 0, 2, 0, NULL, NULL, '2021-02-02 21:59:41', '2021-02-02 21:59:41', 0),
(201, 1, 'default.png', 6.25, 7.00, NULL, 14, 14, '[null,null,null,null,null,null,null,null,null,null,null,null,null,null]', 'C01-P8736', '700242', 1, 0, 2, 0, NULL, NULL, '2021-02-02 22:00:17', '2021-02-11 18:02:12', 0),
(202, 1, 'default.png', 17.00, 17.85, NULL, 5, 5, '[]', 'C01-P278', '700242', 1, 0, 2, 0, NULL, NULL, '2021-02-02 22:00:52', '2021-02-02 22:00:52', 0),
(203, 1, 'default.png', 17.00, 17.85, NULL, 5, 5, '[]', 'C01-P2064', '700242', 1, 0, 2, 0, NULL, NULL, '2021-02-02 22:01:25', '2021-02-02 22:01:25', 0),
(204, 1, 'default.png', 20.00, 21.00, NULL, 6, 6, '[]', 'C01-P6899', '700242', 1, 0, 2, 0, NULL, NULL, '2021-02-02 22:02:05', '2021-02-02 22:02:05', 0),
(205, 1, 'default.png', 7.75, 9.00, NULL, 5, 5, '[]', 'C01-P1437', '700242', 1, 0, 2, 0, NULL, NULL, '2021-02-02 22:02:47', '2021-02-02 22:02:47', 0),
(206, 1, 'default.png', 17.00, 17.85, NULL, 5, 5, '[]', 'C01-P262', '700242', 1, 0, 2, 0, NULL, NULL, '2021-02-02 22:03:17', '2021-02-02 22:03:17', 0),
(207, 1, 'default.png', 17.00, 17.85, NULL, 4, 4, '[]', 'C01-P8359', '700242', 1, 0, 2, 0, NULL, NULL, '2021-02-02 22:04:02', '2021-02-02 22:04:02', 0),
(208, 1, 'default.png', 31.00, 32.55, 65.00, 3, 5, '[]', 'C01-P5234', '700242', 1, 0, 2, 2, NULL, NULL, '2021-02-02 22:04:27', '2021-03-14 20:13:45', 0),
(209, 1, 'default.png', 11.00, 11.55, NULL, 5, 5, '[]', 'C01-P7433', '700242', 1, 0, 2, 0, NULL, NULL, '2021-02-02 22:04:56', '2021-02-02 22:04:56', 0),
(210, 1, 'default.png', 16.00, 16.80, NULL, 10, 10, '[]', 'C01-P1656', '700242', 1, 0, 2, 0, NULL, NULL, '2021-02-02 22:05:24', '2021-02-02 22:05:24', 0),
(211, 1, 'default.png', 17.00, 17.85, 40.00, 5, 6, '[]', 'C01-P4018', '700242', 1, 0, 2, 0, NULL, NULL, '2021-02-02 22:05:52', '2021-03-21 21:47:47', 0),
(212, 1, 'default.png', 17.00, 17.85, 40.00, 4, 5, '[]', 'C01-P3107', '700242', 1, 0, 2, 0, NULL, NULL, '2021-02-02 22:06:20', '2021-03-14 21:18:45', 0),
(213, 1, 'default.png', 16.25, 17.25, NULL, 4, 4, '[]', 'C01-P988', '700242', 1, 0, 2, 0, NULL, NULL, '2021-02-02 22:07:02', '2021-02-02 22:07:02', 0),
(214, 1, 'default.png', 17.00, 17.85, NULL, 6, 6, '[]', 'C01-P5441', '700242', 1, 0, 2, 0, NULL, NULL, '2021-02-02 22:07:30', '2021-02-02 22:07:30', 0),
(215, 1, 'default.png', 17.00, 17.85, NULL, 5, 5, '[]', 'C01-P5492', '700242', 1, 0, 2, 0, NULL, NULL, '2021-02-02 22:07:50', '2021-02-02 22:07:50', 0),
(216, 1, 'default.png', 5.00, 5.25, 10.00, 7, 8, '[]', 'C01-P9065', '700242', 1, 0, 2, 0, NULL, NULL, '2021-02-02 22:08:26', '2021-03-14 20:13:45', 0),
(217, 1, 'default.png', 6.50, 7.00, 10.00, 3, 4, '[]', 'C01-P2361', '700242', 1, 0, 2, 0, NULL, NULL, '2021-02-02 22:08:56', '2021-03-14 20:26:15', 0),
(218, 1, 'default.png', 17.00, 17.85, NULL, 5, 5, '[]', 'C01-P5193', '700242', 1, 0, 2, 0, NULL, NULL, '2021-02-02 22:09:24', '2021-02-02 22:09:24', 0),
(219, 1, 'default.png', 17.00, 17.85, NULL, 10, 10, '[]', 'C01-P8765', '700242', 1, 0, 2, 0, NULL, NULL, '2021-02-02 22:09:48', '2021-02-02 22:09:48', 0),
(220, 1, 'default.png', 8.00, 8.40, 10.00, 8, 9, '[null,null,null,null,null,null,null,null,null,null,null,null,null,null,null,null,null,null]', 'C01-P4848', '700242', 1, 0, 2, 0, NULL, NULL, '2021-02-02 22:10:15', '2021-03-07 23:01:21', 0),
(221, 1, 'default.png', 82.00, 86.10, 120.00, 8, 10, '[null,null,null,null,null,null,null,null,null,null]', 'C01-P6922', '700242', 1, 2, 2, 0, NULL, NULL, '2021-02-02 22:10:42', '2021-03-23 00:33:52', 0),
(222, 1, 'default.png', 7.25, 8.00, NULL, 19, 19, '[]', 'C01-P9194', '700242', 1, 0, 2, 0, NULL, NULL, '2021-02-02 22:11:19', '2021-02-02 22:11:19', 0),
(223, 1, 'default.png', 11.00, 11.55, 25.00, 6, 7, '[]', 'C01-P3704', '700242', 1, 0, 2, 0, NULL, NULL, '2021-02-02 22:12:01', '2021-03-14 20:26:15', 0),
(224, 1, 'default.png', 65.00, 68.25, NULL, 2, 2, '[]', 'C01-P7118', '700242', 1, 0, 2, 0, NULL, NULL, '2021-02-02 22:12:34', '2021-02-02 22:12:34', 0),
(225, 3, 'default.png', 150.00, 157.50, 200.00, 4, 5, '[]', 'C03-P5679', '700242', 1, 0, 2, 0, NULL, NULL, '2021-02-02 22:13:16', '2021-03-01 18:30:07', 0),
(226, 1, 'default.png', 13.00, 13.65, NULL, 10, 10, '[]', 'C01-P3256', '700242', 1, 0, 2, 0, NULL, NULL, '2021-02-02 22:13:46', '2021-02-02 22:13:46', 0),
(227, 1, 'default.png', 150.00, 157.50, NULL, 1, 1, '[]', 'C01-P5097', '700242', 1, 0, 2, 0, NULL, NULL, '2021-02-02 22:14:38', '2021-02-02 22:14:38', 0),
(228, 1, 'default.png', 150.00, 157.50, 250.00, 1, 3, '[]', 'C01-P688', '700242', 1, 0, 2, 0, NULL, NULL, '2021-02-02 22:15:12', '2021-03-14 21:18:45', 0),
(229, 1, 'default.png', 17.00, 17.85, NULL, 5, 5, '[]', 'C01-P5400', '700242', 1, 0, 2, 0, NULL, NULL, '2021-02-02 22:16:14', '2021-02-02 22:16:14', 0),
(230, 1, 'default.png', 10.00, 10.50, NULL, 10, 10, '[]', 'C01-P5240', '700242', 1, 0, 2, 0, NULL, NULL, '2021-02-02 22:16:45', '2021-02-02 22:16:45', 0),
(231, 1, 'default.png', 35.00, 36.75, NULL, 4, 4, '[]', 'C01-P2514', '700242', 1, 0, 2, 0, NULL, NULL, '2021-02-02 22:17:13', '2021-02-02 22:17:13', 0),
(232, 1, 'default.png', 16.00, 16.80, NULL, 5, 5, '[]', 'C01-P3635', '700242', 1, 0, 2, 0, NULL, NULL, '2021-02-02 22:17:41', '2021-02-02 22:17:41', 0),
(233, 2, 'default.png', 135.00, 141.75, 160.00, 238, 500, '[]', 'C02-P1154', '548933', 2, 0, 1, 0, NULL, NULL, '2021-02-03 23:00:05', '2021-03-21 19:36:17', 0),
(234, 2, 'default.png', 1325.00, 1391.25, 1700.00, 2, 20, '[]', 'C02-P6566', '548933', 2, 0, 1, 0, NULL, NULL, '2021-02-03 23:04:55', '2021-03-17 18:14:10', 0),
(236, 1, 'default.png', 140.00, 147.00, 160.00, 1, 4, '[]', 'C01-P2739', '678096', 1, 0, 1, 0, NULL, NULL, '2021-02-04 18:30:42', '2021-02-11 19:07:08', 0),
(237, 1, 'default.png', 1.62, 1.70, 1.82, 0, 3000, '[]', 'C01-P3530', '912420', 2, 0, 1, 0, NULL, NULL, '2021-02-04 21:22:46', '2021-02-04 22:24:39', 0),
(240, 2, 'default.png', 700.00, 735.00, 1000.00, 0, 4, '[]', 'C02-P8786', '796906', 2, 0, 1, 0, NULL, NULL, '2021-02-04 23:34:47', '2021-02-04 23:39:23', 0),
(241, 2, 'default.png', 1000.00, 1300.00, 1300.00, 0, 1, '[]', 'C02-P9935', '448088', 2, 0, 1, 0, NULL, NULL, '2021-02-06 21:48:14', '2021-02-06 21:59:22', 0),
(242, 1, 'default.png', 115.00, 120.75, 135.00, 0, 10, '[]', 'C01-P4262', '100336', 2, 0, 1, 0, NULL, NULL, '2021-02-06 22:02:37', '2021-02-06 22:28:15', 0),
(244, 5, 'default.png', 3850.00, 4300.00, 4300.00, 0, 1, '[]', 'C05-P7950', '651415', 2, 0, 1, 0, NULL, NULL, '2021-02-08 18:48:32', '2021-02-08 19:05:25', 0),
(245, 6, 'default.png', 1075.00, 1200.00, 1200.00, 0, 1, '[]', 'C06-P1484', '651415', 2, 0, 1, 0, NULL, NULL, '2021-02-08 18:51:53', '2021-02-08 19:03:10', 0),
(246, 1, 'default.png', 150.00, 250.00, 250.00, 0, 1, '[]', 'C01-P6960', '940858', 2, 0, 1, 0, NULL, NULL, '2021-02-08 18:55:42', '2021-02-08 19:03:10', 0),
(247, 5, 'default.png', 150.00, 157.50, 250.00, 0, 1, '[]', 'C05-P3746', '940858', 2, 0, 1, 0, NULL, NULL, '2021-02-08 18:56:38', '2021-02-08 19:03:10', 0),
(248, 3, 'default.png', 1150.00, 1207.50, 1280.00, 0, 3, '[\"G8FWV53\",\"H99WV53\",\"2WCWV53\"]', 'C03-P9434', '401949', 2, 0, 1, 0, NULL, NULL, '2021-02-08 20:03:03', '2021-02-08 20:04:57', 0),
(249, 6, 'default.png', 10500.00, 11025.00, 12000.00, 0, 5, '[\"pf240tvv\",\"pf240tvm\",\"pf240vj1\",\"pf240vf0\",\"pf240tn5\"]', 'C06-P7892', '439708', 2, 0, 1, 0, NULL, NULL, '2021-02-09 22:18:54', '2021-02-10 00:10:54', 0),
(253, 2, 'default.png', 3500.00, 3675.00, 5200.00, 1, 2, '[\"0490000712666\",\"0000000000000\"]', 'C02-P5381', '84194', 2, 0, 1, 0, NULL, NULL, '2021-02-10 19:12:33', '2021-02-15 19:10:18', 0),
(254, 5, 'default.png', 4150.00, 4357.50, 4400.00, 0, 1, '[null]', 'C05-P5201', '754128', 2, 0, 1, 0, NULL, NULL, '2021-02-11 00:20:52', '2021-02-11 00:23:54', 0),
(255, 1, 'default.png', 9.50, 10.00, NULL, 4, 4, '[]', 'C01-P2697', '678096', 2, 0, 2, 1, NULL, NULL, '2021-02-11 17:45:05', '2021-02-11 17:45:05', 0),
(256, 1, 'default.png', 23.00, 24.15, NULL, 4, 4, '[]', 'C01-P8199', '678096', 2, 0, 2, 1, NULL, NULL, '2021-02-11 17:50:00', '2021-02-11 17:50:00', 0),
(257, 1, 'default.png', 20.00, 21.00, 40.00, 0, 1, '[]', 'C01-P4420', '678096', 2, 0, 2, 1, NULL, NULL, '2021-02-11 17:55:09', '2021-03-07 23:01:21', 0),
(258, 1, 'default.png', 20.00, 21.00, NULL, 1, 1, '[]', 'C01-P3585', '678096', 2, 0, 2, 1, NULL, NULL, '2021-02-11 17:57:46', '2021-02-11 17:57:46', 0),
(259, 2, 'default.png', 375.00, 393.75, 550.00, 0, 50, '[\"03308125361204\",\"03308125361245\",\"03308125361201\",\"03308125361208\",\"03308125361202\",\"00312093567875\",\"00312093567873\",\"00312093567878\",\"00312093567872\",\"00312093567879\",\"00312093567861\",\"00312093567860\",\"00312093567859\",\"00312093567858\",\"00312093567857\",\"00312093567856\",\"00312093567855\",\"00312093567854\",\"00312093567882\",\"00312093567881\",\"00312093567885\",\"00312093567862\",\"00312093567863\",\"00312093567864\",\"00312093567877\",\"00312093567876\",\"00312093567866\",\"00312093567868\",\"00312093567883\",\"00312093567884\",\"00312093567870\",\"00312093567869\",\"00312093567895\",\"00312093567894\",\"00312093567893\",\"00312093567892\",\"00312093567891\",\"00312093567890\",\"00312093567889\",\"00312093567888\",\"00312093567887\",\"00312093567886\",\"00312093567903\",\"00312093567902\",\"00312093567901\",\"00312093567900\",\"00312093567899\",\"00312093567898\",\"00312093567897\",\"00312093567896\"]', 'C02-P2641', '866875', 2, 0, 1, 0, NULL, NULL, '2021-02-11 22:39:43', '2021-02-22 21:31:12', 0),
(260, 6, 'default.png', 1075.00, 1128.75, 1200.00, 0, 1, '[]', 'C06-P9843', '5472', 2, 0, 1, 0, NULL, NULL, '2021-02-11 23:38:13', '2021-02-11 23:40:58', 0),
(261, 1, 'default.png', 10.00, 10.50, 11.00, 0, 1, '[]', 'C01-P6299', '678096', 2, 0, 1, 0, NULL, NULL, '2021-02-14 21:51:54', '2021-02-14 21:55:41', 0),
(262, 2, 'default.png', 500.00, 525.00, 525.00, 0, 10, '[\"03308095317880\",\"03308095318651\",\"03308095318647\",\"03308095315465\",\"03308095324930\",\"03308095321601\",\"03308095323575\",\"03308095316471\",\"03308095235929\",\"03308095235926\"]', 'C02-P138', '501916', 2, 0, 1, 0, NULL, NULL, '2021-02-15 18:37:24', '2021-03-21 19:14:21', 0),
(263, 2, 'default.png', 3800.00, 3990.00, 4800.00, 0, 1, '[]', 'C02-P5446', '250500', 2, 0, 1, 0, NULL, NULL, '2021-02-15 19:21:20', '2021-02-15 19:25:01', 0),
(264, 1, 'default.png', 2.50, 2.63, 3.00, 8, 9, '[]', 'C01-P7976', '546465', 2, 0, 2, 0, NULL, NULL, '2021-02-15 19:58:52', '2021-02-15 22:40:07', 0),
(265, 1, 'default.png', 850.00, 892.50, 965.00, 0, 6, '[]', 'C01-P9649', '721053', 2, 0, 1, 0, NULL, NULL, '2021-02-15 20:29:50', '2021-02-15 21:46:40', 0),
(266, 1, 'default.png', 5.20, 5.46, 7.00, 0, 25, '[]', 'C01-P603', '936546', 2, 0, 1, 0, NULL, NULL, '2021-02-15 21:40:30', '2021-02-15 21:46:40', 0),
(267, 1, 'default.png', 19.00, 19.95, 22.00, 0, 1, '[]', 'C01-P8029', '546465', 2, 0, 1, 0, NULL, NULL, '2021-02-16 00:02:25', '2021-02-16 00:03:32', 0),
(268, 1, 'default.png', 16.00, 16.80, 18.00, 0, 50, '[]', 'C01-P33', '724724', 2, 0, 1, 0, NULL, NULL, '2021-02-17 01:31:04', '2021-02-18 23:06:44', 0),
(269, 1, 'default.png', 65.00, 68.25, 100.00, 0, 1, '[]', 'C01-P446', '112887', 2, 0, 1, 0, NULL, NULL, '2021-02-17 01:35:33', '2021-02-18 23:06:44', 0),
(270, 1, 'default.png', 10.00, 10.50, 20.00, 0, 1, '[]', 'C01-P230', '112887', 2, 0, 1, 0, NULL, NULL, '2021-02-17 01:36:05', '2021-02-18 23:06:44', 0),
(271, 6, 'default.png', 11500.00, 13000.00, 14000.00, 0, 5, '[\"SPF23RH1S\",\"SPF23NS8Q\",\"SPF23RK8K\"]', 'C06-P9564', '894213', 2, 0, 1, 0, NULL, NULL, '2021-02-18 18:32:49', '2021-03-08 01:50:33', 0),
(272, 2, 'default.png', 1200.00, 1700.00, 1600.00, 3, 5, '[\"99994881258464\",\"99994881258160\",\"99994881258412\",\"99994881258498\",\"99994881258160\"]', 'C02-P4196', '555339', 2, 0, 1, 0, NULL, NULL, '2021-02-18 18:55:38', '2021-03-21 19:14:21', 0),
(273, 2, 'default.png', 3300.00, 3465.00, NULL, 2, 2, '[]', 'C02-P7762', '555339', 2, 0, 1, 0, NULL, NULL, '2021-02-18 22:18:38', '2021-02-18 22:18:38', 0),
(274, 2, 'default.png', 3500.00, 3675.00, 4800.00, 0, 1, '[]', 'C02-P7763', '555339', 2, 0, 1, 0, NULL, NULL, '2021-02-18 22:19:24', '2021-02-18 23:04:41', 0),
(275, 2, 'default.png', 3300.00, 3465.00, NULL, 1, 1, '[]', 'C02-P8640', '555339', 2, 0, 1, 0, NULL, NULL, '2021-02-19 00:02:36', '2021-02-19 00:02:36', 0),
(276, 7, 'default.png', 8700.00, 9135.00, 9500.00, 0, 2, '[]', 'C07-P3491', '863280', 2, 0, 1, 0, NULL, NULL, '2021-02-21 21:06:59', '2021-02-21 22:00:45', 0),
(277, 1, 'default.png', 6.50, 6.83, 8.00, 0, 55, '[null,null,null,null,null,null,null,null,null,null,null,null,null,null,null,null,null,null,null,null,null,null,null,null,null,null,null,null,null,null,null,null,null,null,null,null,null,null,null,null,null,null,null,null,null,null,null,null,null,null,null,null,null,null,null]', 'C01-P6417', '678096', 1, 1, 1, 2, NULL, NULL, '2021-02-21 21:50:57', '2021-03-29 21:30:20', 0),
(278, 7, 'default.png', 75.00, 78.75, 80.00, 1, 1, '[]', 'C06-P7410', '901407', 2, 0, 1, 0, NULL, NULL, '2021-02-22 20:31:57', '2021-02-22 20:51:41', 0),
(279, 7, 'default.png', 50.00, 52.50, 75.00, 0, 1, '[]', 'C07-P8993', '901407', 2, 0, 1, 0, NULL, NULL, '2021-02-22 20:33:27', '2021-02-22 20:51:41', 0),
(280, 6, 'default.png', 125.00, 131.25, 135.00, 0, 1, '[]', 'C06-P4', '901407', 2, 0, 1, 0, NULL, NULL, '2021-02-22 20:34:38', '2021-02-22 20:52:59', 0),
(281, 2, 'default.png', 450.00, 472.50, 500.00, 1, 50, '[\"03425067634601\",\"03425067634615\",\"03425067634609\",\"03425067634616\",\"03425067634617\",\"03425067634607\",\"03425067634606\",\"03425067634602\",\"03425067634597\",\"03425067634595\",\"03425067634600\",\"03425067634628\",\"03425067634586\",\"03425067634587\",\"03425067634610\",\"03425067634585\",\"03425067634583\",\"03425067634604\",\"03425067634603\",\"03425067634599\",\"03425067634622\",\"03425067634620\",\"03425067634625\",\"03425067634624\",\"03425067634623\",\"03425067634626\",\"03425067634608\",\"03425067634618\",\"03425067634632\",\"03425067634627\",\"03425067634629\",\"03425067634619\",\"03425067634621\",\"03425067634635\",\"03425067634634\",\"03425067634630\",\"03425067634698\",\"03425067634693\",\"03425067634692\",\"03425067634694\",\"03425067634690\",\"03425067634688\",\"03425067634614\",\"03425067634613\",\"03425067634612\",\"03425067634611\",\"03425067634689\",\"03425067634691\",\"03425067634636\",\"03425067634631\"]', 'C02-P7143', '325218', 2, 0, 1, 0, NULL, NULL, '2021-02-22 22:07:02', '2021-03-21 19:20:42', 0),
(282, 2, 'default.png', 1350.00, 1417.50, 1600.00, 0, 10, '[]', 'C02-P4902', '325218', 2, 0, 1, 0, NULL, NULL, '2021-02-22 22:07:47', '2021-03-15 22:36:09', 0),
(283, 2, 'default.png', 1000.00, 1050.00, 1300.00, 0, 5, '[]', 'C02-P2470', '325218', 2, 0, 1, 0, NULL, NULL, '2021-02-22 22:09:07', '2021-02-22 22:28:59', 0),
(284, 3, 'default.png', 1100.00, 1155.00, 1200.00, 0, 1, '[]', 'C03-P8052', '98622', 2, 0, 1, 0, NULL, NULL, '2021-02-24 20:08:03', '2021-02-24 20:10:07', 0);
INSERT INTO `products` (`id`, `category_id`, `image`, `purchase_price`, `sale_price`, `last_price`, `stock`, `real_stock`, `serial_numbers`, `productCode`, `purchase_invoice_number`, `add_by`, `update_by`, `store_id`, `transformer_product`, `store_original`, `store_to`, `created_at`, `updated_at`, `trans`) VALUES
(285, 2, 'default.png', 375.00, 500.00, 550.00, 0, 100, '[\"00312093523355\",\"00312093523084\",\"00312093523069\",\"00312093523095\",\"00312093523074\",\"00312093523087\",\"00312093523300\",\"00312093523059\",\"00312093523097\",\"00312093523029\",\"00312093523291\",\"00312093523135\",\"00312093523213\",\"00312093523283\",\"00312093523124\",\"00312093523045\",\"00312093523127\",\"00312093523091\",\"00312093523086\",\"00312093523081\",\"00312093523050\",\"00312093523025\",\"00312093523090\",\"00312093523092\",\"00312093523073\",\"00312093523047\",\"00312093523254\",\"00312093523108\",\"00312093523133\",\"00312093523120\",\"00312093523040\",\"00312093523088\",\"00312093523083\",\"00312093523328\",\"00312093523246\",\"00312093523335\",\"00312093523068\",\"00312093523105\",\"00312093523134\",\"00312093523126\",\"00312093523243\",\"00312093523262\",\"00312093523079\",\"00312093523066\",\"00312093523163\",\"00312093523334\",\"00312093523268\",\"00312093523376\",\"00312093523044\",\"00312093523080\",\"00312093523267\",\"00312093523329\",\"00312093523322\",\"00312093523382\",\"00312093523101\",\"00312093523031\",\"00312093523037\",\"00312093523367\",\"00312093523049\",\"00312093523106\",\"00312093523119\",\"00312093523076\",\"00312093523043\",\"00312093523129\",\"00312093523220\",\"00312093523030\",\"00312093523117\",\"00312093523078\",\"00312093523061\",\"00312093523313\",\"00312093523389\",\"00312093523056\",\"00312093523356\",\"00312093523280\",\"00312093523211\",\"00312093523023\",\"00312093523070\",\"00312093523042\",\"00312093523109\",\"00312093523116\",\"00312093523217\",\"00312093523072\",\"00312093523272\",\"00312093523041\",\"00312093523271\",\"00312093523392\",\"00312093523060\",\"00312093523363\",\"00312093523396\",\"00312093523261\",\"00312093523258\",\"00312093523336\",\"00312093523100\",\"00312093523151\",\"00312093523365\",\"00312093523250\",\"00312093523130\",\"00312093523132\",\"00312093523058\",\"00312093523054\"]', 'C02-P785', '594759', 2, 0, 1, 0, NULL, NULL, '2021-02-24 20:49:44', '2021-04-06 21:20:11', 0),
(286, 3, 'default.png', 850.00, 892.50, 965.00, 0, 1, '[]', 'C03-P502', '158390', 2, 0, 1, 0, NULL, NULL, '2021-02-24 22:00:52', '2021-02-24 22:02:02', 0),
(287, 1, 'default.png', 50.00, 52.50, 52.50, 7, 17, '[null,null,null,null,null,null,null,null,null,null,null,null,null,null,null,null,null]', 'C01-P3881', '380621', 2, 0, 1, 0, NULL, NULL, '2021-02-24 23:59:42', '2021-03-29 21:30:20', 0),
(288, 8, 'default.png', 1275.00, 1338.75, 1300.00, 0, 4, '[\"65sffs2\",\"4n2klm2\",\"c5tbfs2\",\"dzbt8q2\"]', 'C08-P9502', '85989', 2, 0, 1, 0, NULL, NULL, '2021-02-25 16:05:32', '2021-02-25 16:14:52', 0),
(289, 8, 'default.png', 6900.00, 7245.00, 8100.00, 0, 5, '[\"991m563\",\"932m563\",\"3him563\",\"b22m563\",\"cxim563\"]', 'C08-P5657', '85989', 2, 0, 1, 0, NULL, NULL, '2021-02-25 16:11:35', '2021-02-25 21:26:20', 0),
(290, 2, 'default.png', 1400.00, 1500.00, 1450.00, 4, 5, '[\"x22-01598\",null,null,null,null]', 'C02-P9677', '819594', 2, 0, 1, 0, NULL, NULL, '2021-03-01 19:07:20', '2021-04-06 21:20:11', 0),
(291, 2, 'default.png', 450.00, 500.00, 525.00, 0, 58, '[\"885370920925\",\"885370920925\",\"885370920925\",\"885370920925\",\"885370920925\",\"885370920925\",\"885370920925\",\"885370920925\",\"885370920925\",\"885370920925\",\"885370920925\",\"885370920925\",null,null,null,null,null,null,null,null,null,null,null,null,null,null,null,null,null,null,null,null,null,null,null,null,null,null,null,null,null,null,null,null,null,null,null,null,null,null,null,null,null,null,null,null,null,null]', 'C02-P6237', '357909', 2, 1, 1, 0, NULL, NULL, '2021-03-01 19:32:09', '2021-03-30 20:00:03', 0),
(293, 1, 'default.png', 10.00, 10.50, 30.00, 3, 6, '[]', 'C01-P2465', '678096', 1, 0, 2, 1, NULL, NULL, '2021-03-01 21:51:29', '2021-03-14 20:29:38', 0),
(294, 1, 'default.png', 10.00, 10.50, NULL, 4, 4, '[]', 'C01-P3504', '678096', 1, 0, 2, 1, NULL, NULL, '2021-03-01 21:54:02', '2021-03-01 21:54:02', 0),
(295, 1, 'default.png', 37.74, 50.00, 55.00, 0, 130, '[]', 'C01-P4667', '552998', 1, 0, 1, 0, NULL, NULL, '2021-03-02 17:35:41', '2021-03-03 21:05:05', 0),
(296, 3, 'default.png', 6900.00, 7245.00, 8100.00, 0, 1, '[\"D32m563\"]', 'C03-P4339', '135040', 2, 0, 1, 0, NULL, NULL, '2021-03-02 18:14:03', '2021-03-03 21:27:27', 0),
(297, 8, 'default.png', 1200.00, 1260.00, 1300.00, 0, 1, '[\"03m26w\"]', 'C08-P3584', '832138', 2, 0, 1, 0, NULL, NULL, '2021-03-02 18:17:06', '2021-03-03 21:27:27', 0),
(298, 2, 'default.png', 450.00, 500.00, 550.00, 0, 100, '[\"03308149457888\",\"03308149451370\",\"03308149516187\",\"03308149455042\",\"03308149507546\",\"03308149442405\",\"03308149512382\",\"03308149512764\",\"03308149442360\",\"03308149454542\",\"03308149473925\",\"03308149465077\",\"03308149463154\",\"03308149471696\",\"03308149470667\",\"03308149476785\",\"03308149512943\",\"03308149469885\",\"03308149469820\",\"03308149468282\",\"03308149501212\",\"03308149453784\",\"03308149447016\",\"03308149506252\",\"03308149442537\",\"03308149449709\",\"03308149457858\",\"03308149450370\",\"03308149447630\",\"03308149510732\",\"03308149449421\",\"03308149454793\",\"03308149512173\",\"03308149448951\",\"03308149518310\",\"03308149458639\",\"03308149454205\",\"03308149438720\",\"03308149436543\",\"03308149457148\",\"03308149509601\",\"03308149450880\",\"03308149446413\",\"03308149509709\",\"03308149506649\",\"03308149475759\",\"03308149437318\",\"03308149506207\",\"03308149505334\",\"03308149499212\",\"03308149446786\",\"03308149467964\",\"03308149460241\",\"03308149448775\",\"03308149472163\",\"03308149460481\",\"03308149508777\",\"03308149499358\",\"03308149467591\",\"03308149467671\",\"03308149519227\",\"03308149469061\",\"03308149509168\",\"03308149448428\",\"03308149480079\",\"03308149458238\",\"03308149441481\",\"03308149505459\",\"03308149442418\",\"03308149467999\",\"03308149464881\",\"03308149470031\",\"03308149472113\",\"03308149464154\",\"03308149444654\",\"03308149445563\",\"03308149464365\",\"03308149509114\",\"03308149480820\",\"03308149479956\",\"03308149480174\",\"03308149514218\",\"03308149460454\",\"03308149462979\",\"03308149507697\",\"03308149506101\",\"03308149510005\",\"03308149507805\",\"03308149443408\",\"03308149497355\",\"03308149510023\",\"03308149457203\",\"03308149443826\",\"03308149441360\",\"03308149445951\",\"03308149458809\",\"03308149518401\",\"03308149499119\",\"03308149513662\",\"03308149450986\"]', 'C02-P7677', '867869', 2, 0, 1, 0, NULL, NULL, '2021-03-04 18:01:55', '2021-03-21 19:38:36', 0),
(299, 2, 'default.png', 400.00, 500.00, 500.00, 0, 15, '[\"03425069790573\",\"03425069790535\",\"03425069790509\",\"03425069789901\",\"03425069790510\",\"03425069789967\",\"03308147671711\",\"03425069790536\",\"03425069789944\",\"03425069789926\",\"03425069790565\",\"03425069789937\",\"03425069790563\",\"03425069790567\",\"03425069790562\"]', 'C02-P6615', '162248', 2, 0, 1, 0, NULL, NULL, '2021-03-04 18:11:07', '2021-03-23 21:47:31', 0),
(300, 2, 'default.png', 475.00, 550.00, 550.00, 28, 50, '[\"03305007921479\",\"03305007894177\",\"03305022714988\",\"03305021123350\",\"03305007921617\",\"03305023128232\",\"03305022714992\",\"03305007921385\",\"03305008886258\",\"03305022255474\",\"03305022973595\",\"03305021119300\",\"03305022565189\",\"03305008249653\",\"03305023128238\",\"03305022959375\",\"03305007664494\",\"03305008025660\",\"03305022973524\",\"03305004329045\",\"03305021224075\",\"03305004278083\",\"03305022959347\",\"03305008249633\",\"8853709209258\",\"03305000302798\",\"03305021119415\",\"03305007894278\",\"03305008420224\",\"03305007921418\",\"03305022959391\",\"03305007896219\",\"03305008420212\",\"03305022046367\",\"03305007666414\",\"03305007894302\",\"03305022563420\",\"03305022959250\",\"03305004326977\",\"03305007664536\",\"03305022959262\",\"03305007896101\",\"03305004469943\",\"03305007921532\",\"03305008249714\",\"03305022563310\",\"03305007921448\",\"03305022535820\",\"03305007921455\",\"8853709209258\"]', 'C02-P864', '404753', 2, 0, 1, 0, NULL, NULL, '2021-03-04 18:57:24', '2021-03-22 21:29:43', 0),
(301, 8, 'default.png', 275.00, 350.00, 350.00, 0, 10, '[null,null,null,null,null,null,null,null,null,null]', 'C08-P3852', '1278', 1, 0, 1, 0, NULL, NULL, '2021-03-04 19:52:19', '2021-03-04 20:11:58', 0),
(305, 1, 'default.png', 80.00, 84.00, NULL, 0, 4, '[]', 'C01-P7033', '678096', 1, 0, 1, 2, NULL, NULL, '2021-03-06 17:46:30', '2021-03-06 17:53:55', 0),
(306, 1, 'default.png', 80.00, 84.00, 110.00, 3, 4, '[]', 'C01-P7281', '678096', 1, 0, 2, 1, NULL, NULL, '2021-03-06 17:53:55', '2021-03-14 20:26:15', 0),
(308, 6, 'default.png', 16200.00, 17010.00, 17600.00, 0, 5, '[\"GJ60763\",\"G870763\",\"3SB0763\",\"3L60763\",\"5L60763\"]', 'C06-P1543', '281121', 2, 0, 1, 0, NULL, NULL, '2021-03-08 19:25:12', '2021-03-17 02:22:53', 0),
(309, 2, 'default.png', 3500.00, 3675.00, 5500.00, 0, 1, '[\"04262010431048\"]', 'C02-P7373', '827823', 2, 0, 1, 0, NULL, NULL, '2021-03-08 21:06:35', '2021-03-13 20:18:27', 0),
(310, 1, 'default.png', 6.50, 6.83, NULL, 0, 5, '[]', 'C01-P9304', '678096', 1, 0, 2, 2, 1, NULL, '2021-03-11 17:23:07', '2021-03-11 17:23:26', 0),
(311, 1, 'default.png', 6.50, 6.83, NULL, 5, 5, '[]', 'C01-P7202', '678096', 1, 0, 1, 1, NULL, NULL, '2021-03-11 17:23:26', '2021-03-11 17:23:26', 0),
(312, 1, 'default.png', 31.00, 32.55, NULL, 0, 1, '[]', 'C01-P7351', '700242', 1, 0, 1, 2, 2, 2, '2021-03-11 17:45:16', '2021-03-11 17:46:50', 0),
(313, 1, 'default.png', 31.00, 32.55, NULL, 1, 1, '[]', 'C01-P690', '700242', 1, 0, 2, 1, 1, NULL, '2021-03-11 17:46:50', '2021-03-11 17:46:50', 0),
(314, 1, 'default.png', 90.00, 94.50, NULL, 0, 1, '[]', 'C01-P7363', '678096', 1, 0, 2, 2, 1, 1, '2021-03-11 18:17:35', '2021-03-11 18:18:27', 0),
(315, 1, 'default.png', 90.00, 94.50, NULL, 1, 1, '[]', 'C01-P9209', '678096', 1, 0, 1, 1, 2, NULL, '2021-03-11 18:18:27', '2021-03-11 18:18:27', 0),
(316, 6, 'default.png', 15100.00, 16000.00, 15800.00, 0, 1, '[\"cnd0344w9n\"]', 'C06-P815', '957298', 2, 0, 1, 0, NULL, NULL, '2021-03-11 20:59:50', '2021-03-11 21:13:39', 0),
(317, 1, 'default.png', 205.00, 215.25, NULL, 0, 2, '[]', 'C01-P9415', '700242', 2, 0, 1, 1, 2, NULL, '2021-03-13 20:46:06', '2021-03-13 20:46:06', 0),
(318, 1, 'default.png', 200.00, 210.00, NULL, 0, 24, '[]', 'C01-P6275', '564464', 2, 0, 1, 0, NULL, NULL, '2021-03-13 20:50:04', '2021-03-13 20:50:04', 0),
(319, 1, 'default.png', 190.00, 199.50, NULL, 0, 45, '[]', 'C01-P1712', '80695', 2, 0, 1, 0, NULL, NULL, '2021-03-13 20:52:30', '2021-03-13 20:52:30', 0),
(320, 1, 'default.png', 40.00, 80.00, 45.00, 7, 20, '[]', 'C01-P6048', '678096', 1, 0, 1, 2, NULL, 2, '2021-03-14 19:06:00', '2021-03-29 21:30:20', 0),
(321, 1, 'default.png', 40.00, 80.00, NULL, 3, 3, '[]', 'C01-P4446', '678096', 1, 0, 2, 1, 1, NULL, '2021-03-14 19:07:39', '2021-03-14 19:07:39', 0),
(322, 1, 'default.png', 119.50, 125.75, NULL, 3, 3, '[]', 'C01-P3349', '678096', 1, 0, 2, 1, 1, NULL, '2021-03-14 19:08:50', '2021-03-14 19:08:50', 0),
(323, 6, 'default.png', 11500.00, 14000.00, 13900.00, 4, 6, '[\"SPF25FGL7\",\"SPF25F7HF\",\"SPF25EW6M\",\"SPF25FLX9\",\"SPF25EQR1\",\"SPF26576R\"]', 'C06-P4752', '764414', 2, 1, 1, 0, NULL, NULL, '2021-03-14 22:09:03', '2021-03-29 22:37:40', 0),
(324, 1, 'default.png', 200.00, 210.00, 200.00, 0, 1, '[]', 'C01-P744', '764414', 1, 0, 1, 0, NULL, NULL, '2021-03-14 23:06:37', '2021-03-28 18:15:15', 0),
(326, 1, 'default.png', 280.00, 294.00, NULL, 1, 1, '[]', 'C01-P4940', '678096', 1, 0, 2, 1, 1, NULL, '2021-03-17 19:53:53', '2021-03-17 19:53:53', 0),
(327, 3, 'default.png', 345.00, 362.25, NULL, 5, 5, '[]', 'C03-P9781', '678096', 1, 0, 2, 1, 1, NULL, '2021-03-17 19:56:31', '2021-03-17 19:56:31', 0),
(332, 2, 'default.png', 450.00, 472.50, 500.00, 0, 50, '[]', 'C02-P1365', '322266', 2, 0, 1, 0, NULL, NULL, '2021-03-21 19:27:52', '2021-03-23 21:47:31', 0),
(333, 2, 'default.png', 450.00, 472.50, 500.00, 0, 80, '[]', 'C02-P2822', '436904', 2, 0, 1, 0, NULL, NULL, '2021-03-21 19:29:22', '2021-03-23 21:47:31', 0),
(334, 2, 'default.png', 500.00, 525.00, 550.00, 30, 200, '[null,null,null,null,null,null,null,null,null,null,null,null,null,null,null,null,null,null,null,null,null,null,null,null,null,null,null,null,null,null,null,null,null,null,null,null,null,null,null,null,null,null,null,null,null,null,null,null,null,null,null,null,null,null,null,null,null,null,null,null,null,null,null,null,null,null,null,null,null,null,null,null,null,null,null,null,null,null,null,null,null,null,null,null,null,null,null,null,null,null,null,null,null,null,null,null,null,null,null,null,null,null,null,null,null,null,null,null,null,null,null,null,null,null,null,null,null,null,null,null,null,null,null,null,null,null,null,null,null,null,null,null,null,null,null,null,null,null,null,null,null,null,null,null,null,null,null,null,null,null,null,null,null,null,null,null,null,null,null,null,null,null,null,null,null,null,null,null,null,null,null,null,null,null,null,null,null,null,null,null,null,null,null,null,null,null,null,null,null,null,null,null,null,null,null,null,null,null,null,null]', 'C01-P9471', '700656', 2, 2, 1, 0, NULL, NULL, '2021-03-23 17:09:28', '2021-03-23 17:13:43', 0),
(335, 2, 'default.png', 1450.00, 1522.50, NULL, 10, 10, '[]', 'C02-P946', '700656', 2, 0, 1, 0, NULL, NULL, '2021-03-23 17:25:19', '2021-03-23 17:25:19', 0),
(336, 2, 'default.png', 475.00, 500.00, 525.00, 0, 23, '[]', 'C02-P3095', '599770', 2, 0, 1, 0, NULL, NULL, '2021-03-24 01:38:19', '2021-03-24 01:59:04', 0),
(337, 1, 'default.png', 58.00, 60.90, 65.00, 0, 100, '[]', 'C01-P437', '352125', 1, 0, 1, 0, NULL, NULL, '2021-03-28 16:22:41', '2021-03-28 20:28:24', 0),
(338, 2, 'default.png', 1100.00, 1300.00, NULL, 5, 5, '[null,null,null,null,null]', 'C02-P795', '827823', 2, 2, 1, 0, NULL, NULL, '2021-04-06 21:10:32', '2021-04-06 23:35:15', 0);

-- --------------------------------------------------------

--
-- Table structure for table `product_order`
--

CREATE TABLE `product_order` (
  `id` bigint(20) UNSIGNED NOT NULL,
  `product_id` int(10) UNSIGNED NOT NULL,
  `order_id` int(10) UNSIGNED NOT NULL,
  `quantity` int(11) NOT NULL DEFAULT '1',
  `price` double(8,2) NOT NULL
) ENGINE=InnoDB DEFAULT CHARSET=utf8;

--
-- Dumping data for table `product_order`
--

INSERT INTO `product_order` (`id`, `product_id`, `order_id`, `quantity`, `price`) VALUES
(1, 1, 1, 25, 500.00),
(2, 1, 2, 25, 500.00),
(3, 86, 3, 1, 150.00),
(4, 37, 3, 1, 15.00),
(5, 42, 3, 1, 10.00),
(6, 8, 4, 1, 100.00),
(7, 86, 5, 1, 150.00),
(8, 37, 5, 1, 15.00),
(9, 42, 5, 1, 10.00),
(10, 37, 6, 1, 10.00),
(11, 100, 6, 1, 140.00),
(12, 8, 7, 1, 100.00),
(13, 37, 8, 1, 10.00),
(14, 100, 8, 1, 140.00),
(15, 45, 9, 1, 35.00),
(16, 8, 10, 1, 100.00),
(17, 8, 11, 1, 100.00),
(18, 8, 12, 1, 100.00),
(19, 8, 13, 1, 100.00),
(20, 8, 14, 1, 100.00),
(21, 2, 15, 1, 1750.00),
(22, 45, 16, 1, 30.00),
(23, 45, 17, 1, 35.00),
(24, 41, 18, 2, 20.00),
(25, 41, 19, 2, 20.00),
(26, 30, 19, 1, 20.00),
(27, 30, 20, 1, 20.00),
(28, 40, 20, 2, 20.00),
(29, 8, 21, 1, 100.00),
(30, 2, 22, 1, 1700.00),
(31, 234, 22, 1, 1700.00),
(32, 8, 23, 1, 100.00),
(33, 2, 24, 1, 1700.00),
(34, 234, 24, 3, 1700.00),
(35, 59, 25, 20, 2.40),
(36, 61, 25, 50, 4.50),
(37, 58, 25, 10, 4.00),
(38, 65, 25, 124, 4.50),
(39, 46, 26, 9, 29.00),
(40, 46, 27, 9, 29.00),
(41, 25, 28, 49, 8.95),
(42, 81, 28, 10, 10.50),
(43, 234, 29, 2, 1700.00),
(47, 78, 33, 1, 24.00),
(48, 8, 34, 1, 100.00),
(49, 68, 35, 2, 11.00),
(50, 237, 36, 3000, 1.82),
(51, 49, 37, 1, 24.00),
(52, 238, 38, 1, 200.00),
(53, 239, 39, 1, 100.00),
(54, 239, 40, 2, 100.00),
(55, 239, 41, 5, 100.00),
(56, 25, 42, 49, 8.95),
(57, 81, 42, 10, 10.50),
(58, 240, 43, 4, 1000.00),
(59, 25, 44, 49, 8.95),
(60, 81, 44, 10, 10.50),
(61, 28, 44, 1, 80.00),
(62, 8, 45, 1, 100.00),
(63, 241, 46, 1, 1300.00),
(64, 242, 47, 10, 135.00),
(65, 94, 47, 186, 7.50),
(66, 242, 48, 10, 135.00),
(67, 94, 48, 186, 7.50),
(68, 242, 49, 10, 135.00),
(69, 94, 49, 186, 7.50),
(80, 64, 56, 10, 7.50),
(81, 79, 56, 20, 10.50),
(97, 1, 62, 15, 500.00),
(98, 1, 63, 4, 900.00),
(99, 245, 64, 1, 1200.00),
(100, 247, 64, 1, 250.00),
(101, 246, 64, 1, 250.00),
(102, 244, 65, 1, 4300.00),
(104, 248, 67, 3, 1280.00),
(105, 1, 68, 1, 650.00),
(106, 234, 68, 2, 1800.00),
(109, 37, 71, 1, 5.25),
(110, 38, 71, 3, 8.40),
(112, 233, 73, 5, 150.00),
(115, 101, 76, 5, 160.00),
(116, 249, 77, 5, 12000.00),
(123, 45, 84, 1, 18.00),
(124, 39, 85, 1, 7.50),
(128, 1, 87, 58, 500.00),
(129, 2, 87, 1, 1850.00),
(130, 254, 88, 1, 4400.00),
(131, 78, 89, 23, 14.00),
(132, 99, 89, 3, 160.00),
(133, 236, 89, 3, 160.00),
(134, 13, 89, 2, 45.00),
(135, 14, 89, 5, 60.00),
(136, 113, 89, 3, 45.00),
(140, 260, 92, 1, 1200.00),
(141, 233, 92, 1, 500.00),
(142, 37, 93, 2, 5.25),
(143, 9, 93, 2, 16.00),
(149, 86, 99, 2, 130.00),
(161, 261, 103, 1, 11.00),
(162, 37, 103, 1, 11.00),
(163, 73, 103, 1, 23.00),
(164, 86, 104, 2, 130.00),
(165, 28, 104, 3, 87.00),
(166, 19, 104, 7, 20.00),
(167, 16, 104, 15, 8.75),
(168, 1, 105, 10, 550.00),
(169, 1, 106, 10, 550.00),
(170, 253, 106, 1, 5200.00),
(171, 234, 106, 10, 1850.00),
(172, 1, 107, 11, 550.00),
(173, 263, 108, 1, 4800.00),
(182, 265, 112, 6, 965.00),
(183, 266, 112, 25, 7.00),
(186, 13, 114, 1, 60.00),
(187, 182, 114, 1, 25.00),
(188, 118, 115, 2, 135.00),
(189, 114, 115, 1, 70.00),
(190, 160, 115, 1, 10.00),
(191, 102, 116, 1, 27.00),
(192, 264, 116, 1, 3.00),
(193, 169, 116, 1, 120.00),
(194, 160, 117, 1, 10.00),
(195, 139, 117, 1, 125.00),
(196, 267, 118, 1, 22.00),
(197, 36, 118, 1, 11.00),
(198, 37, 118, 1, 10.50),
(199, 22, 119, 1, 15.00),
(200, 38, 119, 1, 9.00),
(201, 49, 119, 1, 24.00),
(202, 100, 119, 1, 120.00),
(203, 1, 120, 87, 500.00),
(204, 101, 121, 30, 185.00),
(222, 233, 139, 20, 185.00),
(226, 3, 143, 1, 200.00),
(229, 69, 146, 1, 20.00),
(232, 271, 149, 2, 13700.00),
(233, 89, 149, 1, 11.00),
(272, 1, 153, 20, 500.00),
(273, 274, 153, 1, 4800.00),
(274, 5, 154, 2, 4100.00),
(323, 268, 159, 50, 18.00),
(324, 269, 159, 1, 100.00),
(325, 270, 159, 1, 20.00),
(326, 233, 160, 5, 175.00),
(327, 101, 160, 10, 275.00),
(387, 2, 167, 5, 1500.00),
(433, 1, 171, 2, 600.00),
(435, 5, 173, 1, 4500.00),
(436, 115, 174, 1, 120.00),
(439, 225, 176, 1, 200.00),
(440, 158, 176, 1, 50.00),
(441, 177, 176, 1, 40.00),
(442, 124, 176, 1, 20.00),
(443, 139, 177, 1, 130.00),
(444, 160, 177, 1, 5.00),
(488, 86, 182, 4, 130.00),
(492, 276, 184, 2, 9500.00),
(498, 21, 186, 5, 75.00),
(499, 99, 186, 5, 160.00),
(500, 64, 186, 55, 8.00),
(501, 9, 186, 20, 15.00),
(502, 277, 186, 20, 4.00),
(506, 279, 188, 1, 75.00),
(507, 278, 188, 1, 80.00),
(508, 280, 189, 1, 135.00),
(510, 259, 191, 50, 550.00),
(511, 283, 192, 1, 1300.00),
(512, 283, 193, 4, 1300.00),
(513, 1, 193, 20, 550.00),
(514, 85, 194, 16, 10.00),
(515, 99, 194, 3, 155.00),
(516, 277, 194, 10, 8.50),
(517, 233, 195, 10, 185.00),
(518, 284, 196, 1, 1200.00),
(519, 22, 197, 1, 12.00),
(520, 60, 197, 1, 84.00),
(536, 9, 199, 1, 17.75),
(537, 38, 199, 1, 8.40),
(538, 286, 200, 1, 965.00),
(540, 77, 202, 2, 55.00),
(541, 287, 202, 1, 55.00),
(542, 77, 203, 1, 55.00),
(543, 287, 203, 1, 55.00),
(544, 84, 204, 1, 10.50),
(545, 50, 204, 2, 17.25),
(546, 75, 204, 1, 10.00),
(547, 76, 204, 1, 13.00),
(548, 69, 204, 1, 15.00),
(549, 71, 204, 2, 17.00),
(550, 57, 204, 1, 13.25),
(551, 83, 204, 1, 12.00),
(552, 67, 204, 1, 7.00),
(553, 100, 204, 1, 119.00),
(554, 277, 204, 1, 7.00),
(555, 66, 204, 1, 14.00),
(556, 72, 204, 1, 20.00),
(557, 140, 204, 1, 23.25),
(558, 86, 204, 1, 127.50),
(559, 288, 205, 4, 1300.00),
(560, 289, 205, 5, 8100.00),
(561, 262, 205, 3, 900.00),
(563, 285, 207, 97, 500.00),
(564, 271, 208, 2, 14000.00),
(572, 86, 215, 1, 130.00),
(580, 291, 221, 10, 550.00),
(596, 74, 227, 1, 39.00),
(597, 38, 227, 1, 9.00),
(598, 295, 228, 130, 55.00),
(603, 282, 232, 5, 1650.00),
(610, 297, 234, 1, 1300.00),
(611, 296, 234, 1, 8100.00),
(612, 281, 235, 20, 550.00),
(613, 233, 236, 35, 175.00),
(618, 38, 239, 10, 8.40),
(619, 79, 239, 40, 10.50),
(620, 43, 239, 38, 7.00),
(624, 300, 243, 10, 600.00),
(626, 301, 245, 10, 350.00),
(640, 137, 253, 1, 120.00),
(641, 221, 253, 1, 100.00),
(642, 123, 254, 2, 20.00),
(643, 293, 254, 2, 25.00),
(644, 18, 254, 1, 250.00),
(645, 124, 254, 1, 20.00),
(653, 180, 256, 1, 85.00),
(654, 113, 256, 1, 60.00),
(655, 114, 256, 1, 65.00),
(656, 136, 256, 1, 130.00),
(657, 170, 256, 1, 20.00),
(658, 139, 256, 1, 140.00),
(659, 137, 256, 1, 120.00),
(660, 121, 257, 1, 35.00),
(661, 181, 258, 1, 40.00),
(662, 134, 258, 1, 35.00),
(663, 257, 258, 1, 40.00),
(664, 220, 258, 1, 10.00),
(665, 107, 258, 1, 20.00),
(666, 147, 258, 1, 50.00),
(670, 271, 262, 1, 14000.00),
(672, 91, 264, 1, 60.00),
(689, 37, 269, 2, 6.00),
(690, 86, 270, 1, 126.00),
(691, 309, 271, 1, 5500.00),
(696, 134, 273, 1, 40.00),
(697, 125, 273, 1, 10.00),
(704, 53, 276, 100, 210.00),
(708, 316, 279, 1, 15800.00),
(709, 299, 279, 1, 850.00),
(710, 299, 280, 1, 620.00),
(712, 9, 282, 1, 16.00),
(713, 37, 282, 1, 5.25),
(714, 22, 283, 15, 13.00),
(715, 62, 283, 5, 24.00),
(716, 63, 283, 3, 25.00),
(717, 77, 283, 1, 55.00),
(718, 79, 283, 10, 10.00),
(719, 287, 283, 1, 55.00),
(720, 39, 283, 10, 7.00),
(721, 233, 284, 30, 160.00),
(726, 108, 287, 1, 260.00),
(727, 208, 287, 1, 65.00),
(728, 216, 287, 1, 10.00),
(729, 14, 287, 1, 70.00),
(730, 228, 287, 1, 300.00),
(731, 223, 288, 1, 25.00),
(732, 217, 288, 1, 10.00),
(733, 107, 288, 1, 20.00),
(734, 306, 288, 1, 110.00),
(735, 139, 289, 1, 120.00),
(736, 293, 289, 1, 30.00),
(737, 116, 289, 1, 290.00),
(738, 228, 290, 1, 250.00),
(739, 125, 290, 1, 10.00),
(740, 177, 290, 1, 40.00),
(741, 124, 290, 1, 20.00),
(742, 96, 290, 1, 10.00),
(743, 221, 290, 1, 120.00),
(744, 136, 290, 2, 120.00),
(745, 212, 290, 1, 40.00),
(746, 158, 290, 1, 45.00),
(817, 233, 294, 1, 200.00),
(868, 262, 297, 3, 600.00),
(869, 16, 298, 25, 7.50),
(870, 91, 298, 27, 60.00),
(871, 98, 298, 10, 24.00),
(872, 15, 298, 25, 9.00),
(873, 58, 298, 50, 4.00),
(874, 59, 298, 50, 3.00),
(876, 282, 300, 5, 1600.00),
(877, 9, 301, 2, 15.75),
(878, 37, 301, 2, 5.50),
(879, 291, 302, 1, 575.00),
(906, 233, 309, 50, 160.00),
(907, 308, 310, 5, 17600.00),
(908, 233, 310, 5, 177.00),
(948, 86, 314, 1, 130.00),
(963, 234, 317, 4, 1700.00),
(964, 233, 318, 50, 175.00),
(968, 71, 321, 1, 50.00),
(979, 10, 326, 34, 28.00),
(980, 12, 326, 22, 70.00),
(981, 52, 326, 21, 52.00),
(982, 90, 326, 40, 60.00),
(983, 92, 326, 24, 44.00),
(984, 15, 326, 90, 4.50),
(985, 51, 326, 135, 6.00),
(986, 272, 327, 5, 1600.00),
(987, 262, 327, 4, 525.00),
(989, 5, 329, 1, 4500.00),
(990, 281, 329, 29, 500.00),
(991, 233, 330, 50, 160.00),
(992, 298, 331, 100, 550.00),
(993, 291, 331, 20, 550.00),
(995, 107, 333, 1, 25.00),
(996, 124, 333, 1, 20.00),
(997, 123, 333, 1, 25.00),
(998, 14, 333, 1, 70.00),
(999, 124, 334, 1, 20.00),
(1000, 211, 334, 1, 40.00),
(1001, 192, 335, 1, 50.00),
(1002, 198, 335, 1, 25.00),
(1003, 148, 335, 1, 30.00),
(1004, 300, 336, 12, 550.00),
(1005, 323, 337, 1, 14000.00),
(1006, 8, 338, 16, 70.00),
(1007, 88, 338, 16, 19.00),
(1008, 87, 338, 40, 15.00),
(1009, 8, 339, 1, 80.00),
(1011, 87, 341, 1, 15.00),
(1012, 334, 342, 170, 550.00),
(1013, 333, 343, 80, 500.00),
(1014, 332, 343, 50, 500.00),
(1015, 299, 343, 13, 500.00),
(1016, 291, 343, 7, 500.00),
(1017, 2, 344, 1, 2150.00),
(1022, 336, 347, 23, 525.00),
(1023, 285, 347, 2, 525.00),
(1064, 49, 353, 80, 18.50),
(1065, 32, 353, 36, 17.00),
(1066, 30, 353, 40, 20.00),
(1067, 31, 353, 40, 17.00),
(1068, 35, 353, 35, 17.00),
(1069, 40, 353, 10, 20.00),
(1070, 41, 353, 21, 20.00),
(1071, 33, 353, 13, 17.00),
(1072, 34, 353, 42, 20.00),
(1073, 45, 353, 35, 17.00),
(1074, 50, 353, 40, 16.00),
(1075, 27, 353, 16, 9.00),
(1076, 29, 353, 84, 8.00),
(1077, 89, 353, 53, 9.00),
(1078, 23, 353, 52, 15.00),
(1079, 28, 353, 4, 75.00),
(1080, 21, 353, 6, 63.00),
(1081, 24, 353, 73, 2.00),
(1082, 38, 353, 36, 6.00),
(1083, 42, 353, 44, 6.00),
(1084, 26, 353, 40, 4.00),
(1085, 22, 353, 109, 11.00),
(1086, 39, 353, 205, 15.00),
(1087, 96, 353, 61, 3.00),
(1088, 324, 353, 1, 200.00),
(1089, 337, 354, 100, 65.00),
(1090, 11, 354, 23, 45.00),
(1091, 14, 354, 20, 52.00),
(1092, 66, 355, 79, 14.70),
(1093, 57, 355, 46, 14.30),
(1094, 17, 355, 33, 10.00),
(1095, 11, 355, 5, 40.00),
(1096, 98, 355, 22, 24.50),
(1097, 77, 355, 2, 54.60),
(1098, 71, 355, 40, 19.00),
(1099, 58, 355, 70, 4.50),
(1100, 59, 355, 50, 2.50),
(1101, 60, 355, 10, 86.00),
(1102, 16, 355, 52, 7.90),
(1103, 287, 355, 7, 52.50),
(1104, 14, 355, 10, 54.50),
(1105, 9, 355, 20, 16.00),
(1106, 320, 355, 10, 45.00),
(1107, 54, 355, 3, 75.00),
(1108, 79, 355, 20, 11.50),
(1109, 277, 355, 19, 8.00),
(1110, 72, 355, 10, 22.00),
(1111, 80, 355, 10, 15.50),
(1112, 55, 355, 5, 14.50),
(1113, 4, 355, 1, 385.00),
(1114, 3, 355, 4, 200.00),
(1115, 323, 356, 1, 13900.00),
(1116, 291, 357, 20, 525.00),
(1117, 290, 358, 1, 1450.00),
(1118, 285, 358, 1, 550.00);

-- --------------------------------------------------------

--
-- Table structure for table `product_translations`
--

CREATE TABLE `product_translations` (
  `id` bigint(20) UNSIGNED NOT NULL,
  `product_id` int(10) UNSIGNED NOT NULL,
  `name` varchar(191) NOT NULL,
  `description` text NOT NULL,
  `locale` varchar(191) NOT NULL
) ENGINE=InnoDB DEFAULT CHARSET=utf8;

--
-- Dumping data for table `product_translations`
--

INSERT INTO `product_translations` (`id`, `product_id`, `name`, `description`, `locale`) VALUES
(1, 1, 'software-win pro 10 64Bit English 1pk Dsp OEI DVD', '<p>software-win pro 10 64Bit English 1pk Dsp OEI DVD</p>', 'ar'),
(2, 1, 'software-win pro 10 64Bit English 1pk Dsp OEI DVD', '<p>software-win pro 10 64Bit English 1pk Dsp OEI DVD</p>', 'en'),
(3, 2, 'software-office professional 2019', '<p>software-office professional 2019</p>', 'ar'),
(4, 2, 'software-office professional 2019', '<p>software-office professional 2019</p>', 'en'),
(5, 3, 'pc-hdd - 500G - pc - wd', '<p>pc-hdd - 500G - pc - wd</p>', 'ar'),
(6, 3, 'pc-hdd - 500G - pc - wd', '<p>pc-hdd - 500G - pc - wd</p>', 'en'),
(7, 4, 'pc-HD - 1T - GREEN -PC', '<p>pc-HD - 1T - GREEN -PC</p>', 'ar'),
(8, 4, 'pc-HD - 1T - GREEN -PC', '<p>pc-HD - 1T - GREEN -PC</p>', 'en'),
(9, 5, 'Windows Server 2019', '<p>Windows Server 2019</p>', 'ar'),
(10, 5, 'Windows Server 2019', '<p>Windows Server 2019</p>', 'en'),
(11, 6, 'HDD PC 1T BLUE', '<p>HDD PC 1T BLUE</p>', 'ar'),
(12, 6, 'HDD PC 1T BLUE', '<p>HDD PC 1T BLUE</p>', 'en'),
(13, 7, 'حامل بروجيكتور - 65 سم', '<p>حامل بروجيكتور - 65 سم</p>', 'ar'),
(14, 7, 'حامل بروجيكتور - 65 سم', '<p>حامل بروجيكتور - 65 سم</p>', 'en'),
(15, 8, 'Speker - Bt', '<p>Speker - Bt</p>', 'ar'),
(16, 8, 'Speker - Bt', '<p>Speker - Bt</p>', 'en'),
(17, 9, 'شاحن - Samsoing', '<p>&nbsp;شاحن - Samsoing</p>', 'ar'),
(18, 9, 'شاحن - Samsoing', '<p>&nbsp;شاحن - Samsoing</p>', 'en'),
(19, 10, 'كابل فيجا 10 م', '<p>كابل فيجا 10 م</p>', 'ar'),
(20, 10, 'كابل فيجا 10 م', '<p>كابل فيجا 10 م</p>', 'en'),
(21, 11, 'كابل فيجا 20 م', '<p>كابل فيجا 20 م</p>', 'ar'),
(22, 11, 'كابل فيجا 20 م', '<p>كابل فيجا 20 م</p>', 'en'),
(23, 12, 'كابل فيجا ابيض 20 م', '<p>كابل فيجا ابيض 20 م</p>', 'ar'),
(24, 12, 'كابل فيجا ابيض 20 م', '<p>كابل فيجا ابيض 20 م</p>', 'en'),
(25, 13, 'Game Pad Normal Double SMILE', '<p>Game Pad Normal Double SMILE</p>', 'ar'),
(26, 13, 'Game Pad Normal Double SMILE', '<p>Game Pad Normal Double SMILE</p>', 'en'),
(27, 14, 'Game Pad vibration Double SMILE', '<p>Game Pad vibration Double SMILE</p>', 'ar'),
(28, 14, 'Game Pad vibration Double SMILE', '<p>Game Pad vibration Double SMILE</p>', 'en'),
(29, 15, 'PRINTER CAPLE 1.5M', '<p>PRINTER CAPLE 1.5M</p>', 'ar'),
(30, 15, 'PRINTER CAPLE 1.5M', '<p>PRINTER CAPLE 1.5M</p>', 'en'),
(31, 16, 'MOUSE normal-smil-mw700 usb-com fio', '<p>MOUSE normal-smil-mw700 usb-com fio</p>', 'ar'),
(32, 16, 'MOUSE normal-smil-mw700 usb-com fio', '<p>MOUSE normal-smil-mw700 usb-com fio</p>', 'en'),
(33, 17, 'vga cable 1.8', '<p>vga cable 1.8</p>', 'ar'),
(34, 17, 'vga cable 1.8', '<p>vga cable 1.8</p>', 'en'),
(35, 18, 'Game pad wireless ps4 sony', '<p>Game pad wireless ps4 sony</p>', 'ar'),
(36, 18, 'Game pad wireless ps4 sony', '<p>Game pad wireless ps4 sony</p>', 'en'),
(37, 19, 'Speaker Kisonili V310', '<p>Speaker Kisonili V310</p>', 'ar'),
(38, 19, 'Speaker Kisonili V310', '<p>Speaker Kisonili V310</p>', 'en'),
(39, 20, 'PC-X-Power mainboard g41 socket: lga775', '<p>PC-X-Power mainboard g41 socket: lga775</p>', 'ar'),
(40, 20, 'PC-X-Power mainboard g41 socket: lga775', '<p>PC-X-Power mainboard g41 socket: lga775</p>', 'en'),
(41, 21, 'headphone beats 450', '<p>headphone beats 450</p>', 'ar'),
(42, 21, 'headphone beats 450', '<p>headphone beats 450</p>', 'en'),
(43, 22, 'hand free hand band', '<p>hand free hand band</p>', 'ar'),
(44, 22, 'hand free hand band', '<p>hand free hand band</p>', 'en'),
(45, 23, 'Cable VPB Gigamax Gold mico usb 2m wood box', '<p>Cable VPB Gigamax Gold mico usb 2m wood box</p>', 'ar'),
(46, 23, 'Cable VPB Gigamax Gold mico usb 2m wood box', '<p>Cable VPB Gigamax Gold mico usb 2m wood box</p>', 'en'),
(47, 24, 'cable micro usb 1m local  round white', '<p>cable micro usb 1m local &nbsp;round white</p>', 'ar'),
(48, 24, 'cable micro usb 1m local  round white', '<p>cable micro usb 1m local &nbsp;round white</p>', 'en'),
(49, 25, 'hand free yison', '<p>hand free yison</p>', 'ar'),
(50, 25, 'hand free yison', '<p>hand free yison</p>', 'en'),
(51, 26, 'LED Light usb', '<p>LED Light usb</p>', 'ar'),
(52, 26, 'LED Light usb', '<p>LED Light usb</p>', 'en'),
(53, 27, 'Mobile gaming Holder LOL', '<p>Mobile gaming Holder LOL</p>', 'ar'),
(54, 27, 'Mobile gaming Holder LOL', '<p>Mobile gaming Holder LOL</p>', 'en'),
(55, 28, 'hand free blutoth xi6 tws', '<p>hand free blutoth xi6 tws</p>', 'ar'),
(56, 28, 'hand free blutoth xi6 tws', '<p>hand free blutoth xi6 tws</p>', 'en'),
(57, 29, 'AirPods Cover', '<p>AirPods Cover</p>', 'ar'),
(58, 29, 'AirPods Cover', '<p>AirPods Cover</p>', 'en'),
(59, 30, 'cable remax usb type c Shoes', '<p>cable remax usb type c Shoes</p>', 'ar'),
(60, 30, 'cable remax usb type c Shoes', '<p>cable remax usb type c Shoes</p>', 'en'),
(61, 31, 'cable remax micro usb pink 1m rc-001m', '<p>cable remax micro usb pink 1m rc-001m</p>', 'ar'),
(62, 31, 'cable remax micro usb pink 1m rc-001m', '<p>cable remax micro usb pink 1m rc-001m</p>', 'en'),
(63, 32, 'Cable MK micro usb 1m Rattle Drum', '<p>Cable MK micro usb 1m Rattle Drum</p>', 'ar'),
(64, 32, 'Cable MK micro usb 1m Rattle Drum', '<p>Cable MK micro usb 1m Rattle Drum</p>', 'en'),
(65, 33, 'cable Joyroom mico usb 1m', '<p>cable Joyroom mico usb 1m</p>', 'ar'),
(66, 33, 'cable Joyroom mico usb 1m', '<p>cable Joyroom mico usb 1m</p>', 'en'),
(67, 34, 'Cable MK micro usb 2m wdc-042', '<p>Cable MK micro usb 2m wdc-042</p>', 'ar'),
(68, 34, 'Cable MK micro usb 2m wdc-042', '<p>Cable MK micro usb 2m wdc-042</p>', 'en'),
(69, 35, 'cable Remax micro usb 1m lovely  rc-010m', '<p>cable Remax micro usb 1m lovely &nbsp;rc-010m</p>', 'ar'),
(70, 35, 'cable Remax micro usb 1m lovely  rc-010m', '<p>cable Remax micro usb 1m lovely &nbsp;rc-010m</p>', 'en'),
(71, 36, 'cable toras micro usb  1.5m', '<p>cable toras micro usb &nbsp;1.5m</p>', 'ar'),
(72, 36, 'cable toras micro usb  1.5m', '<p>cable toras micro usb &nbsp;1.5m</p>', 'en'),
(73, 37, 'cable V-GeN micro usb 1m local flat', '<p>cable V-GeN micro usb 1m local flat</p>', 'ar'),
(74, 37, 'cable V-GeN micro usb 1m local flat', '<p>cable V-GeN micro usb 1m local flat</p>', 'en'),
(75, 38, 'cable usb type c 1m local  round white', '<p>cable usb type c 1m local &nbsp;round white</p>', 'ar'),
(76, 38, 'cable usb type c 1m local  round white', '<p>cable usb type c 1m local &nbsp;round white</p>', 'en'),
(77, 39, 'hand free tony', '<p>hand free tony</p>', 'ar'),
(78, 39, 'hand free tony', '<p>hand free tony</p>', 'en'),
(79, 40, 'Cable Remax 2*1 lightning & micro usb 1m local', '<p>Cable Remax 2*1 lightning &amp; micro usb 1m local</p>', 'ar'),
(80, 40, 'Cable Remax 2*1 lightning & micro usb 1m local', '<p>Cable Remax 2*1 lightning &amp; micro usb 1m local</p>', 'en'),
(81, 41, 'Cable Remax 2*1 lightning & micro usb 1m  Armor Metal rc-067t', '<p>Cable Remax 2*1 lightning &amp; micro usb 1m &nbsp;Armor Metal rc-067t</p>', 'ar'),
(82, 41, 'Cable Remax 2*1 lightning & micro usb 1m  Armor Metal rc-067t', '<p>Cable Remax 2*1 lightning &amp; micro usb 1m &nbsp;Armor Metal rc-067t</p>', 'en'),
(83, 42, 'cable micro usb 30cm local', '<p>cable micro usb 30cm local</p>', 'ar'),
(84, 42, 'cable micro usb 30cm local', '<p>cable micro usb 30cm local</p>', 'en'),
(85, 43, 'cable micro usb 1m local  round yellow', '<p>cable micro usb 1m local &nbsp;round yellow</p>', 'ar'),
(86, 43, 'cable micro usb 1m local  round yellow', '<p>cable micro usb 1m local &nbsp;round yellow</p>', 'en'),
(87, 44, 'Cable Remax  lightning lemen 1m rc-101a', '<p>Cable Remax &nbsp;lightning lemen 1m rc-101a</p>', 'ar'),
(88, 44, 'Cable Remax  lightning lemen 1m rc-101a', '<p>Cable Remax &nbsp;lightning lemen 1m rc-101a</p>', 'en'),
(89, 45, 'cable Remax  lightning 1m lovely  rc-010i', '<p>cable Remax &nbsp;lightning 1m lovely &nbsp;rc-010i</p>', 'ar'),
(90, 45, 'cable Remax  lightning 1m lovely  rc-010i', '<p>cable Remax &nbsp;lightning 1m lovely &nbsp;rc-010i</p>', 'en'),
(91, 46, 'KB USB ZR200 - ZERO', '<p>KB USB ZR200 - ZERO</p>', 'ar'),
(92, 46, 'KB USB ZR200 - ZERO', '<p>KB USB ZR200 - ZERO</p>', 'en'),
(93, 47, 'Bluetooth Car 2IN1 B09 - ZERO', '<p>Bluetooth Car 2IN1 B09 - ZERO</p>', 'ar'),
(94, 47, 'Bluetooth Car 2IN1 B09 - ZERO', '<p>Bluetooth Car 2IN1 B09 - ZERO</p>', 'en'),
(95, 48, 'PNC', '<p>PNC</p>', 'ar'),
(96, 48, 'PNC', '<p>PNC</p>', 'en'),
(97, 49, 'cable Remax cutebaby retractable usb type c  rc-099a', '<p>cable Remax cutebaby retractable usb type c &nbsp;rc-099a</p>', 'ar'),
(98, 49, 'cable Remax cutebaby retractable usb type c  rc-099a', '<p>cable Remax cutebaby retractable usb type c &nbsp;rc-099a</p>', 'en'),
(99, 50, 'cable hora type c 2m ball', '<p>cable hora type c 2m ball</p>', 'ar'),
(100, 50, 'cable hora type c 2m ball', '<p>cable hora type c 2m ball</p>', 'en'),
(101, 51, 'hp usb extension cable', '<p>hp usb extension cable</p>', 'ar'),
(102, 51, 'hp usb extension cable', '<p>hp usb extension cable</p>', 'en'),
(103, 52, 'usb speaker f102', '<p>usb speaker f102</p>', 'ar'),
(104, 52, 'usb speaker f102', '<p>usb speaker f102</p>', 'en'),
(105, 53, 'Web Camera HD-720', '<p>Web Camera HD-720</p>', 'ar'),
(106, 53, 'Web Camera HD-720', '<p>Web Camera HD-720</p>', 'en'),
(107, 54, 'Speaker Airpod 101', '<p>Speaker Airpod 101</p>', 'ar'),
(108, 54, 'Speaker Airpod 101', '<p>Speaker Airpod 101</p>', 'en'),
(109, 55, 'كابل جريفن 2م باكت', '<p>كابل جريفن 2م باكت</p>', 'ar'),
(110, 55, 'كابل جريفن 2م باكت', '<p>كابل جريفن 2م باكت</p>', 'en'),
(111, 56, 'كابل جريفن 3م باكت', '<p>كابل جريفن 3م باكت</p>', 'ar'),
(112, 56, 'كابل جريفن 3م باكت', '<p>كابل جريفن 3م باكت</p>', 'en'),
(113, 57, 'سماعه blue 01', '<p>سماعه blue 01</p>', 'ar'),
(114, 57, 'سماعه blue 01', '<p>سماعه blue 01</p>', 'en'),
(115, 58, 'reader 10*1 metal', '<p>reader 10*1 metal</p>', 'ar'),
(116, 58, 'reader 10*1 metal', '<p>reader 10*1 metal</p>', 'en'),
(117, 59, 'reader 10*1', '<p>reader 10*1</p>', 'ar'),
(118, 59, 'reader 10*1', '<p>reader 10*1</p>', 'en'),
(119, 60, 'Headphones beats 010', '<p>Headphones beats 010</p>', 'ar'),
(120, 60, 'Headphones beats 010', '<p>Headphones beats 010</p>', 'en'),
(121, 61, 'Otg Micro', '<p>Otg Micro</p>', 'ar'),
(122, 61, 'Otg Micro', '<p>Otg Micro</p>', 'en'),
(123, 62, 'شاحن درج D5', '<p>شاحن درج D5</p>', 'ar'),
(124, 62, 'شاحن درج D5', '<p>شاحن درج D5</p>', 'en'),
(125, 63, 'شاحن درج زجاج', '<p>&nbsp;شاحن درج زجاج</p>', 'ar'),
(126, 63, 'شاحن درج زجاج', '<p>&nbsp;شاحن درج زجاج</p>', 'en'),
(127, 64, 'شاحن سن رفيع n70', '<p>&nbsp;شاحن سن رفيع n70</p>', 'ar'),
(128, 64, 'شاحن سن رفيع n70', '<p>&nbsp;شاحن سن رفيع n70</p>', 'en'),
(129, 65, 'Otg type-c', '<p>Otg type-c</p>', 'ar'),
(130, 65, 'Otg type-c', '<p>Otg type-c</p>', 'en'),
(131, 66, 'سماعه عضمة blue 029', '<p>سماعه عضمة blue 029</p>', 'ar'),
(132, 66, 'سماعه عضمة blue 029', '<p>سماعه عضمة blue 029</p>', 'en'),
(133, 67, 'cable Hoco محفور', '<p>cable Hoco محفور</p>', 'ar'),
(134, 67, 'cable Hoco محفور', '<p>cable Hoco محفور</p>', 'en'),
(135, 68, 'دراع بابجي w10', '<p>دراع بابجي w10</p>', 'ar'),
(136, 68, 'دراع بابجي w10', '<p>دراع بابجي w10</p>', 'en'),
(137, 69, 'شاحن ايمي رمادي 101', '<p>شاحن ايمي رمادي 101</p>', 'ar'),
(138, 69, 'شاحن ايمي رمادي 101', '<p>شاحن ايمي رمادي 101</p>', 'en'),
(139, 70, 'شاحن ايمي عالي 202', '<p>&nbsp;شاحن ايمي عالي 202</p>', 'ar'),
(140, 70, 'شاحن ايمي عالي 202', '<p>&nbsp;شاحن ايمي عالي 202</p>', 'en'),
(141, 71, 'سماعه blue D-37:49', '<p>سماعه blue D-37:49</p>', 'ar'),
(142, 71, 'سماعه blue D-37:49', '<p>سماعه blue D-37:49</p>', 'en'),
(143, 72, 'سماعه blue R3', '<p>سماعه blue R3</p>', 'ar'),
(144, 72, 'سماعه blue R3', '<p>سماعه blue R3</p>', 'en'),
(145, 73, 'سماعه blue R6', '<p>سماعه blue R6</p>', 'ar'),
(146, 73, 'سماعه blue R6', '<p>سماعه blue R6</p>', 'en'),
(147, 74, 'شاحن اوبو فووك r17', '<p>&nbsp;شاحن اوبو فووك r17</p>', 'ar'),
(148, 74, 'شاحن اوبو فووك r17', '<p>&nbsp;شاحن اوبو فووك r17</p>', 'en'),
(149, 75, 'cable Gerlax 10 micro', '<p>cable Gerlax 10 micro</p>', 'ar'),
(150, 75, 'cable Gerlax 10 micro', '<p>cable Gerlax 10 micro</p>', 'en'),
(151, 76, 'شاحن Gfuz', '<p>شاحن Gfuz</p>', 'ar'),
(152, 76, 'شاحن Gfuz', '<p>شاحن Gfuz</p>', 'en'),
(153, 77, 'رنج لايت 26سم', '<p>رنج لايت 26سم</p>', 'ar'),
(154, 77, 'رنج لايت 26سم', '<p>رنج لايت 26سم</p>', 'en'),
(155, 78, 'شاحن سيارة x-plus', '<p>شاحن سيارة x-plus</p>', 'ar'),
(156, 78, 'شاحن سيارة x-plus', '<p>شاحن سيارة x-plus</p>', 'en'),
(157, 79, 'original شاحن', '<p>&nbsp;original شاحن</p>', 'ar'),
(158, 79, 'original شاحن', '<p>&nbsp;original شاحن</p>', 'en'),
(159, 80, 'رنج لايت مشبك', '<p>رنج لايت مشبك</p>', 'ar'),
(160, 80, 'رنج لايت مشبك', '<p>رنج لايت مشبك</p>', 'en'),
(161, 81, 'سماعه باكيت realmi', '<p>سماعه باكيت realmi</p>', 'ar'),
(162, 81, 'سماعه باكيت realmi', '<p>سماعه باكيت realmi</p>', 'en'),
(163, 82, 'cable Aux 1*1 x-plus 56', '<p>cable Aux 1*1 x-plus 56</p>', 'ar'),
(164, 82, 'cable Aux 1*1 x-plus 56', '<p>cable Aux 1*1 x-plus 56</p>', 'en'),
(165, 83, 'cable Gerlax 19 iphone', '<p>cable Gerlax 19 iphone</p>', 'ar'),
(166, 83, 'cable Gerlax 19 iphone', '<p>cable Gerlax 19 iphone</p>', 'en'),
(167, 84, 'كابل ايفون درج', '<p>كابل ايفون درج</p>', 'ar'),
(168, 84, 'كابل ايفون درج', '<p>كابل ايفون درج</p>', 'en'),
(169, 85, 'cable Realmi type-c', '<p>cable Realmi type-c</p>', 'ar'),
(170, 85, 'cable Realmi type-c', '<p>cable Realmi type-c</p>', 'en'),
(171, 86, 'AirDot - MI - شاومي', '<p>AirDot - MI - شاومي</p>', 'ar'),
(172, 86, 'AirDot - MI - شاومي', '<p>AirDot - MI - شاومي</p>', 'en'),
(173, 87, 'مشترك 7عين Dream 1.5m', '<p>مشترك 7عين Dream 1.5m</p>', 'ar'),
(174, 87, 'مشترك 7عين Dream 1.5m', '<p>مشترك 7عين Dream 1.5m</p>', 'en'),
(175, 88, 'مشترك 7عين Dream 3m', '<p>مشترك 7عين Dream 3m</p>', 'ar'),
(176, 88, 'مشترك 7عين Dream 3m', '<p>مشترك 7عين Dream 3m</p>', 'en'),
(177, 89, 'سماعه الكاتيل', '<p>سماعه الكاتيل</p>', 'ar'),
(178, 89, 'سماعه الكاتيل', '<p>سماعه الكاتيل</p>', 'en'),
(179, 90, 'usb mouse hp game m280', '<p>usb mouse hp game m280</p>', 'ar'),
(180, 90, 'usb mouse hp game m280', '<p>usb mouse hp game m280</p>', 'en'),
(181, 91, 'wireles mouse hp s9000', '<p>wireles mouse hp s9000</p>', 'ar'),
(182, 91, 'wireles mouse hp s9000', '<p>wireles mouse hp s9000</p>', 'en'),
(183, 92, 'wireles mouse hp s4000', '<p>wireles mouse hp s4000</p>', 'ar'),
(184, 92, 'wireles mouse hp s4000', '<p>wireles mouse hp s4000</p>', 'en'),
(185, 93, 'كابل 028 مستورد', '<p>كابل 028 مستورد</p>', 'ar'),
(186, 93, 'كابل 028 مستورد', '<p>كابل 028 مستورد</p>', 'en'),
(187, 94, 'كابل باور ثلاثى', '<p>كابل باور ثلاثى</p>', 'ar'),
(188, 94, 'كابل باور ثلاثى', '<p>كابل باور ثلاثى</p>', 'en'),
(189, 95, 'كابل باور ثلاثى', '<p>كابل باور ثلاثى</p>', 'ar'),
(190, 95, 'كابل باور ثلاثى', '<p>كابل باور ثلاثى</p>', 'en'),
(191, 96, 'كارت ريدر متعدد', '<p>كارت ريدر متعدد</p>', 'ar'),
(192, 96, 'كارت ريدر متعدد', '<p>كارت ريدر متعدد</p>', 'en'),
(193, 97, 'مكبر شاشه F1', '<p>مكبر شاشه F1</p>', 'ar'),
(194, 97, 'مكبر شاشه F1', '<p>مكبر شاشه F1</p>', 'en'),
(195, 98, 'ماوس ويرليسXO - 620', '<p>ماوس ويرليسXO - 620</p>', 'ar'),
(196, 98, 'ماوس ويرليسXO - 620', '<p>ماوس ويرليسXO - 620</p>', 'en'),
(197, 99, 'Radio YJ - 28', '<p>Radio YJ - 28</p>', 'ar'),
(198, 99, 'Radio YJ - 28', '<p>Radio YJ - 28</p>', 'en'),
(199, 100, 'Airpods Bose  tws5', '<p>Airpods Bose &nbsp;tws5</p>', 'ar'),
(200, 100, 'Airpods Bose  tws5', '<p>Airpods Bose &nbsp;tws5</p>', 'en'),
(201, 101, 'software-software-win pro 10 64Bit English 1pk Dsp OEI Serial', '<p>software-software-win pro 10 64Bit English 1pk Dsp OEI Serial</p>', 'ar'),
(202, 101, 'software-software-win pro 10 64Bit English 1pk Dsp OEI Serial', '<p>software-software-win pro 10 64Bit English 1pk Dsp OEI Serial</p>', 'en'),
(203, 102, 'شاحن - Samsoing', '<p>شاحن - Samsoing</p>', 'ar'),
(204, 102, 'شاحن - Samsoing', '<p>شاحن - Samsoing</p>', 'en'),
(205, 103, 'شاحن اوبو فووك r17', '<p>شاحن اوبو فووك r17</p>', 'ar'),
(206, 103, 'شاحن اوبو فووك r17', '<p>شاحن اوبو فووك r17</p>', 'en'),
(207, 104, 'شاحن ايمي عالي 202', '<p>شاحن ايمي عالي 202</p>', 'ar'),
(208, 104, 'شاحن ايمي عالي 202', '<p>شاحن ايمي عالي 202</p>', 'en'),
(209, 105, 'شاحن درج D5', '<p>&nbsp;شاحن درج D5</p>', 'ar'),
(210, 105, 'شاحن درج D5', '<p>&nbsp;شاحن درج D5</p>', 'en'),
(211, 106, 'شاحن درج زجاج', '<p>&nbsp;شاحن درج زجاج</p>', 'ar'),
(212, 106, 'شاحن درج زجاج', '<p>&nbsp;شاحن درج زجاج</p>', 'en'),
(213, 107, 'Adabtor 12v - 2 a xo', '<p>Adabtor 12v - 2 a xo</p>', 'ar'),
(214, 107, 'Adabtor 12v - 2 a xo', '<p>Adabtor 12v - 2 a xo</p>', 'en'),
(215, 108, 'AirDot - MI - شاومي', '<p>AirDot - MI - شاومي</p>', 'ar'),
(216, 108, 'AirDot - MI - شاومي', '<p>AirDot - MI - شاومي</p>', 'en'),
(217, 109, 'Bluetooth Car 2IN1 B09 - ZERO', '<p>Bluetooth Car 2IN1 B09 - ZERO</p>', 'ar'),
(218, 109, 'Bluetooth Car 2IN1 B09 - ZERO', '<p>Bluetooth Car 2IN1 B09 - ZERO</p>', 'en'),
(219, 110, 'CONVERT - HDMI TO VGA', '<p>CONVERT - HDMI TO VGA</p>', 'ar'),
(220, 110, 'CONVERT - HDMI TO VGA', '<p>CONVERT - HDMI TO VGA</p>', 'en'),
(221, 111, 'Cable Magnatic 3*1', '<p>Cable Magnatic 3*1</p>', 'ar'),
(222, 111, 'Cable Magnatic 3*1', '<p>Cable Magnatic 3*1</p>', 'en'),
(223, 112, 'Cable vga 1.5m', '<p>Cable vga 1.5m</p>', 'ar'),
(224, 112, 'Cable vga 1.5m', '<p>Cable vga 1.5m</p>', 'en'),
(225, 113, 'Game Pad Normal Double SMILE', '<p>Game Pad Normal Double SMILE</p>', 'ar'),
(226, 113, 'Game Pad Normal Double SMILE', '<p>Game Pad Normal Double SMILE</p>', 'en'),
(227, 114, 'Game Pad vibration Double SMILE', '<p>Game Pad vibration Double SMILE</p>', 'ar'),
(228, 114, 'Game Pad vibration Double SMILE', '<p>Game Pad vibration Double SMILE</p>', 'en'),
(229, 115, 'Game pad wireless ps3 sony', '<p>Game pad wireless ps3 sony</p>', 'ar'),
(230, 115, 'Game pad wireless ps3 sony', '<p>Game pad wireless ps3 sony</p>', 'en'),
(231, 116, 'Game pad wireless ps4 sony', '<p>Game pad wireless ps4 sony</p>', 'ar'),
(232, 116, 'Game pad wireless ps4 sony', '<p>Game pad wireless ps4 sony</p>', 'en'),
(233, 117, 'Headphones Mi', '<p>Headphones Mi</p>', 'ar'),
(234, 117, 'Headphones Mi', '<p>Headphones Mi</p>', 'en'),
(235, 118, 'Headphones beats 010', '<p>Headphones beats 010</p>', 'ar'),
(236, 118, 'Headphones beats 010', '<p>Headphones beats 010</p>', 'en'),
(237, 119, 'Headphones sony  سوكيت واحد', '<p>Headphones sony &nbsp;سوكيت واحد</p>', 'ar'),
(238, 119, 'Headphones sony  سوكيت واحد', '<p>Headphones sony &nbsp;سوكيت واحد</p>', 'en'),
(239, 120, 'KB M/M USB ZR2608 - ZERO', '<p>KB M/M USB ZR2608 - ZERO</p>', 'ar'),
(240, 120, 'KB M/M USB ZR2608 - ZERO', '<p>KB M/M USB ZR2608 - ZERO</p>', 'en'),
(241, 121, 'KB USB ZR200 - ZERO', '<p>KB USB ZR200 - ZERO</p>', 'ar'),
(242, 121, 'KB USB ZR200 - ZERO', '<p>KB USB ZR200 - ZERO</p>', 'en'),
(243, 122, 'MIC evisu', '<p>MIC evisu</p>', 'ar'),
(244, 122, 'MIC evisu', '<p>MIC evisu</p>', 'en'),
(245, 123, 'MOUS USB ZR160 - ZERO', '<p>MOUS USB ZR160 - ZERO</p>', 'ar'),
(246, 123, 'MOUS USB ZR160 - ZERO', '<p>MOUS USB ZR160 - ZERO</p>', 'en'),
(247, 124, 'MOUSE normal-smil-mw700 usb-com fio', '<p>MOUSE normal-smil-mw700 usb-com fio</p>', 'ar'),
(248, 124, 'MOUSE normal-smil-mw700 usb-com fio', '<p>MOUSE normal-smil-mw700 usb-com fio</p>', 'en'),
(249, 125, 'Otg Micro', '<p>Otg Micro</p>', 'ar'),
(250, 125, 'Otg Micro', '<p>Otg Micro</p>', 'en'),
(251, 126, 'PRINTER CAPLE 1.5M', '<p>PRINTER CAPLE 1.5M</p>', 'ar'),
(252, 126, 'PRINTER CAPLE 1.5M', '<p>PRINTER CAPLE 1.5M</p>', 'en'),
(253, 127, 'Speaker Kisonili V310', '<p>Speaker Kisonili V310</p>', 'ar'),
(254, 127, 'Speaker Kisonili V310', '<p>Speaker Kisonili V310</p>', 'en'),
(255, 128, 'Speaker M1 mini', '<p>Speaker M1 mini</p>', 'ar'),
(256, 128, 'Speaker M1 mini', '<p>Speaker M1 mini</p>', 'en'),
(257, 129, 'Speaker portable 112', '<p>Speaker portable 112</p>', 'ar'),
(258, 129, 'Speaker portable 112', '<p>Speaker portable 112</p>', 'en'),
(259, 130, 'Speaker z101 Bluetooth - ZERO', '<p>Speaker z101 Bluetooth - ZERO</p>', 'ar'),
(260, 130, 'Speaker z101 Bluetooth - ZERO', '<p>Speaker z101 Bluetooth - ZERO</p>', 'en'),
(261, 131, 'Speaker z102 Bluetooth - ZERO', '<p>Speaker z102 Bluetooth - ZERO</p>', 'ar'),
(262, 131, 'Speaker z102 Bluetooth - ZERO', '<p>Speaker z102 Bluetooth - ZERO</p>', 'en'),
(263, 132, 'Touch Lamp Portable Speker', '<p>Touch Lamp Portable Speker</p>', 'ar'),
(264, 132, 'Touch Lamp Portable Speker', '<p>Touch Lamp Portable Speker</p>', 'en'),
(265, 133, 'USB WIFI ( receiver ) - ZERO', '<p>USB WIFI ( receiver ) - ZERO</p>', 'ar'),
(266, 133, 'USB WIFI ( receiver ) - ZERO', '<p>USB WIFI ( receiver ) - ZERO</p>', 'en'),
(267, 134, 'USB WIFI - ZERO', '<p>USB WIFI - ZERO</p>', 'ar'),
(268, 134, 'USB WIFI - ZERO', '<p>USB WIFI - ZERO</p>', 'en'),
(269, 135, 'Web Camera HD-720', '<p>Web Camera HD-720</p>', 'ar'),
(270, 135, 'Web Camera HD-720', '<p>Web Camera HD-720</p>', 'en'),
(271, 136, 'airdots JBL tws4', '<p>airdots JBL tws4</p>', 'ar'),
(272, 136, 'airdots JBL tws4', '<p>airdots JBL tws4</p>', 'en'),
(273, 137, 'airpods Max', '<p>airpods Max</p>', 'ar'),
(274, 137, 'airpods Max', '<p>airpods Max</p>', 'en'),
(275, 138, 'airpods YK x pro II', '<p>airpods YK x pro II</p>', 'ar'),
(276, 138, 'airpods YK x pro II', '<p>airpods YK x pro II</p>', 'en'),
(277, 139, 'any cast dongle', '<p>any cast dongle</p>', 'ar'),
(278, 139, 'any cast dongle', '<p>any cast dongle</p>', 'en'),
(279, 140, 'cable Remax cutebaby retractable usb type c  rc-099a', '<p>cable Remax cutebaby retractable usb type c &nbsp;rc-099a</p>', 'ar'),
(280, 140, 'cable Remax cutebaby retractable usb type c  rc-099a', '<p>cable Remax cutebaby retractable usb type c &nbsp;rc-099a</p>', 'en'),
(281, 141, 'cable Vidvi micro', '<p>cable Vidvi micro</p>', 'ar'),
(282, 141, 'cable Vidvi micro', '<p>cable Vidvi micro</p>', 'en'),
(283, 142, 'cable audio 1*1 1.5m golden', '<p>cable audio 1*1 1.5m golden</p>', 'ar'),
(284, 142, 'cable audio 1*1 1.5m golden', '<p>cable audio 1*1 1.5m golden</p>', 'en'),
(285, 143, 'cable audio crash 2*1 1.2m', '<p>cable audio crash 2*1 1.2m</p>', 'ar'),
(286, 143, 'cable audio crash 2*1 1.2m', '<p>cable audio crash 2*1 1.2m</p>', 'en'),
(287, 144, 'cable hora type c 2m ball', '<p>cable hora type c 2m ball</p>', 'ar'),
(288, 144, 'cable hora type c 2m ball', '<p>cable hora type c 2m ball</p>', 'en'),
(289, 145, 'cable x-plus ca-16', '<p>cable x-plus ca-16</p>', 'ar'),
(290, 145, 'cable x-plus ca-16', '<p>cable x-plus ca-16</p>', 'en'),
(291, 146, 'car bluetooth g7', '<p>car bluetooth g7</p>', 'ar'),
(292, 146, 'car bluetooth g7', '<p>car bluetooth g7</p>', 'en'),
(293, 147, 'hdd case 2.0 fort', '<p>hdd case 2.0 fort</p>', 'ar'),
(294, 147, 'hdd case 2.0 fort', '<p>hdd case 2.0 fort</p>', 'en'),
(295, 148, 'hdmi cable 1.5 m', '<p>hdmi cable 1.5 m</p>', 'ar'),
(296, 148, 'hdmi cable 1.5 m', '<p>hdmi cable 1.5 m</p>', 'en'),
(297, 149, 'hdmi cable 10 m', '<p>hdmi cable 10 m</p>', 'ar'),
(298, 149, 'hdmi cable 10 m', '<p>hdmi cable 10 m</p>', 'en'),
(299, 150, 'hdmi cable 15 m', '<p>hdmi cable 15 m</p>', 'ar'),
(300, 150, 'hdmi cable 15 m', '<p>hdmi cable 15 m</p>', 'en'),
(301, 151, 'hdmi cable 15 m', '<p>hdmi cable 15 m</p>', 'ar'),
(302, 151, 'hdmi cable 15 m', '<p>hdmi cable 15 m</p>', 'en'),
(303, 152, 'hdmi cable 2 m sony', '<p>hdmi cable 2 m sony</p>', 'ar'),
(304, 152, 'hdmi cable 2 m sony', '<p>hdmi cable 2 m sony</p>', 'en'),
(305, 153, 'hdmi cable 3 m', '<p>hdmi cable 3 m</p>', 'ar'),
(306, 153, 'hdmi cable 3 m', '<p>hdmi cable 3 m</p>', 'en'),
(307, 154, 'hdmi cable 5 m', '<p>hdmi cable 5 m</p>', 'ar'),
(308, 154, 'hdmi cable 5 m', '<p>hdmi cable 5 m</p>', 'en'),
(309, 155, 'headphone Miikey Leather case', '<p>headphone Miikey Leather case</p>', 'ar'),
(310, 155, 'headphone Miikey Leather case', '<p>headphone Miikey Leather case</p>', 'en'),
(311, 156, 'hp usb extension cable', '<p>hp usb extension cable</p>', 'ar'),
(312, 156, 'hp usb extension cable', '<p>hp usb extension cable</p>', 'en'),
(313, 157, 'keyboard USB M.M .SMIL KB 820', '<p>keyboard USB M.M .SMIL KB 820</p>', 'ar'),
(314, 157, 'keyboard USB M.M .SMIL KB 820', '<p>keyboard USB M.M .SMIL KB 820</p>', 'en'),
(315, 158, 'keyboard USB NORMAL-SMIL -KB 810', '<p>keyboard USB NORMAL-SMIL -KB 810</p>', 'ar'),
(316, 158, 'keyboard USB NORMAL-SMIL -KB 810', '<p>keyboard USB NORMAL-SMIL -KB 810</p>', 'en'),
(317, 159, 'mic - 858', '<p>mic - 858</p>', 'ar'),
(318, 159, 'mic - 858', '<p>mic - 858</p>', 'en'),
(319, 160, 'otg tybe-c tray', '<p>otg tybe-c tray</p>', 'ar'),
(320, 160, 'otg tybe-c tray', '<p>otg tybe-c tray</p>', 'en'),
(321, 161, 'pubg sr + fan', '<p>pubg sr + fan</p>', 'ar'),
(322, 161, 'pubg sr + fan', '<p>pubg sr + fan</p>', 'en'),
(323, 162, 'smart Watch T55', '<p>smart Watch T55</p>', 'ar'),
(324, 162, 'smart Watch T55', '<p>smart Watch T55</p>', 'en'),
(325, 163, 'smart Watch s6', '<p>smart Watch s6</p>', 'ar'),
(326, 163, 'smart Watch s6', '<p>smart Watch s6</p>', 'en'),
(327, 164, 'speaker Music Red Small', '<p>speaker Music Red Small</p>', 'ar'),
(328, 164, 'speaker Music Red Small', '<p>speaker Music Red Small</p>', 'en'),
(329, 165, 'tap lenovo E7', '<p>tap lenovo E7</p>', 'ar'),
(330, 165, 'tap lenovo E7', '<p>tap lenovo E7</p>', 'en'),
(331, 166, 'usb mouse hp m10', '<p>usb mouse hp m10</p>', 'ar'),
(332, 166, 'usb mouse hp m10', '<p>usb mouse hp m10</p>', 'en'),
(333, 167, 'usb mouse hp m100 game', '<p>usb mouse hp m100 game</p>', 'ar'),
(334, 167, 'usb mouse hp m100 game', '<p>usb mouse hp m100 game</p>', 'en'),
(335, 168, 'usb speaker f102', '<p>usb speaker f102</p>', 'ar'),
(336, 168, 'usb speaker f102', '<p>usb speaker f102</p>', 'en'),
(337, 169, 'usb speaker ft101', '<p>usb speaker ft101</p>', 'ar'),
(338, 169, 'usb speaker ft101', '<p>usb speaker ft101</p>', 'en'),
(339, 170, 'vga cable 1.8', '<p>vga cable 1.8</p>', 'ar'),
(340, 170, 'vga cable 1.8', '<p>vga cable 1.8</p>', 'en'),
(341, 171, 'wireles mouse hp s4000', '<p>wireles mouse hp s4000</p>', 'ar'),
(342, 171, 'wireles mouse hp s4000', '<p>wireles mouse hp s4000</p>', 'en'),
(343, 172, 'wireles mouse hp s9000', '<p>wireles mouse hp s9000</p>', 'ar'),
(344, 172, 'wireles mouse hp s9000', '<p>wireles mouse hp s9000</p>', 'en'),
(345, 173, 'رنج لايت مشبك', '<p>رنج لايت مشبك</p>', 'ar'),
(346, 173, 'رنج لايت مشبك', '<p>رنج لايت مشبك</p>', 'en'),
(347, 174, 'سبيكر ليذر XP', '<p>سبيكر ليذر XP</p>', 'ar'),
(348, 174, 'سبيكر ليذر XP', '<p>سبيكر ليذر XP</p>', 'en'),
(349, 175, 'سماعه blue 01', '<p>سماعه blue 01</p>', 'ar'),
(350, 175, 'سماعه blue 01', '<p>سماعه blue 01</p>', 'en'),
(351, 176, 'سماعه blue D-37:49', '<p>سماعه blue D-37:49</p>', 'ar'),
(352, 176, 'سماعه blue D-37:49', '<p>سماعه blue D-37:49</p>', 'en'),
(353, 177, 'سماعه blue R1', '<p>سماعه blue R1</p>', 'ar'),
(354, 177, 'سماعه blue R1', '<p>سماعه blue R1</p>', 'en'),
(355, 178, 'سماعه realme buds2', '<p>سماعه realme buds2</p>', 'ar'),
(356, 178, 'سماعه realme buds2', '<p>سماعه realme buds2</p>', 'en'),
(357, 179, 'سماعه الكاتيل', '<p>سماعه الكاتيل</p>', 'ar'),
(358, 179, 'سماعه الكاتيل', '<p>سماعه الكاتيل</p>', 'en'),
(359, 180, 'سماعه ايربودز i11', '<p>سماعه ايربودز i11</p>', 'ar'),
(360, 180, 'سماعه ايربودز i11', '<p>سماعه ايربودز i11</p>', 'en'),
(361, 181, 'سماعه شاومى MI', '<p>سماعه شاومى MI</p>', 'ar'),
(362, 181, 'سماعه شاومى MI', '<p>سماعه شاومى MI</p>', 'en'),
(363, 182, 'سماعه عضمة blue 029', '<p>سماعه عضمة blue 029</p>', 'ar'),
(364, 182, 'سماعه عضمة blue 029', '<p>سماعه عضمة blue 029</p>', 'en'),
(365, 183, 'شاحن dadu 127', '<p>شاحن dadu 127</p>', 'ar'),
(366, 183, 'شاحن dadu 127', '<p>شاحن dadu 127</p>', 'en'),
(367, 184, 'شاحن dadu 170', '<p>شاحن dadu 170</p>', 'ar'),
(368, 184, 'شاحن dadu 170', '<p>شاحن dadu 170</p>', 'en'),
(369, 185, 'شاحن سامسونج S10', '<p>شاحن سامسونج S10</p>', 'ar'),
(370, 185, 'شاحن سامسونج S10', '<p>شاحن سامسونج S10</p>', 'en'),
(371, 186, 'شاحن سيارة   inkax', '<p>شاحن سيارة &nbsp; inkax</p>', 'ar'),
(372, 186, 'شاحن سيارة   inkax', '<p>شاحن سيارة &nbsp; inkax</p>', 'en'),
(373, 187, 'ابل امريكي 2M', '<p>ابل امريكي 2M</p>', 'ar'),
(374, 187, 'ابل امريكي 2M', '<p>ابل امريكي 2M</p>', 'en'),
(375, 188, 'كابل امريكي 3M', '<p>كابل امريكي 3M</p>', 'ar'),
(376, 188, 'كابل امريكي 3M', '<p>كابل امريكي 3M</p>', 'en'),
(377, 189, 'كابل ايفون باكيت', '<p>كابل ايفون باكيت</p>', 'ar'),
(378, 189, 'كابل ايفون باكيت', '<p>كابل ايفون باكيت</p>', 'en'),
(379, 190, 'كابل جريفن 2م باكت', '<p>كابل جريفن 2م باكت</p>', 'ar'),
(380, 190, 'كابل جريفن 2م باكت', '<p>كابل جريفن 2م باكت</p>', 'en'),
(381, 191, 'كابل جريفن 3م باكت', '<p>كابل جريفن 3م باكت</p>', 'ar'),
(382, 191, 'كابل جريفن 3م باكت', '<p>كابل جريفن 3م باكت</p>', 'en'),
(383, 192, 'ماوس ويرليس GT - 136', '<p>ماوس ويرليس GT - 136</p>', 'ar'),
(384, 192, 'ماوس ويرليس GT - 136', '<p>ماوس ويرليس GT - 136</p>', 'en'),
(385, 193, 'ماوس ويرليس GT - 211', '<p>ماوس ويرليس GT - 211</p>', 'ar'),
(386, 193, 'ماوس ويرليس GT - 211', '<p>ماوس ويرليس GT - 211</p>', 'en'),
(387, 194, 'ماوس ويرليس GT - 212', '<p>ماوس ويرليس GT - 212</p>', 'ar'),
(388, 194, 'ماوس ويرليس GT - 212', '<p>ماوس ويرليس GT - 212</p>', 'en'),
(389, 195, 'ماوس ويرليسXO - 620', '<p>ماوس ويرليسXO - 620</p>', 'ar'),
(390, 195, 'ماوس ويرليسXO - 620', '<p>ماوس ويرليسXO - 620</p>', 'en'),
(391, 196, 'مشترك 7عين Dream 1.5m', '<p>مشترك 7عين Dream 1.5m</p>', 'ar'),
(392, 196, 'مشترك 7عين Dream 1.5m', '<p>مشترك 7عين Dream 1.5m</p>', 'en'),
(393, 197, 'مشترك 7عين Dream 3m', '<p>مشترك 7عين Dream 3m</p>', 'ar'),
(394, 197, 'مشترك 7عين Dream 3m', '<p>مشترك 7عين Dream 3m</p>', 'en'),
(395, 198, 'نظف شاشه جيل كراش', '<p>نظف شاشه جيل كراش</p>', 'ar'),
(396, 198, 'نظف شاشه جيل كراش', '<p>نظف شاشه جيل كراش</p>', 'en'),
(397, 199, 'منظف شاشه على كارت', '<p>منظف شاشه على كارت</p>', 'ar'),
(398, 199, 'منظف شاشه على كارت', '<p>منظف شاشه على كارت</p>', 'en'),
(399, 200, 'AirPods Cover', '<p>AirPods Cover</p>', 'ar'),
(400, 200, 'AirPods Cover', '<p>AirPods Cover</p>', 'en'),
(401, 201, 'Cable  2*1 lightning & micro usb 1m', '<p>Cable &nbsp;2*1 lightning &amp; micro usb 1m</p>', 'ar'),
(402, 201, 'Cable  2*1 lightning & micro usb 1m', '<p>Cable &nbsp;2*1 lightning &amp; micro usb 1m</p>', 'en'),
(403, 202, 'Cable MK micro usb 1m Rattle Drum', '<p>Cable MK micro usb 1m Rattle Drum</p>', 'ar'),
(404, 202, 'Cable MK micro usb 1m Rattle Drum', '<p>Cable MK micro usb 1m Rattle Drum</p>', 'en'),
(405, 203, 'Cable MK micro usb 2m wdc-042', '<p>Cable MK micro usb 2m wdc-042</p>', 'ar'),
(406, 203, 'Cable MK micro usb 2m wdc-042', '<p>Cable MK micro usb 2m wdc-042</p>', 'en'),
(407, 204, 'Cable Remax  lightning lemen 1m rc-101a', '<p>Cable Remax &nbsp;lightning lemen 1m rc-101a</p>', 'ar'),
(408, 204, 'Cable Remax  lightning lemen 1m rc-101a', '<p>Cable Remax &nbsp;lightning lemen 1m rc-101a</p>', 'en'),
(409, 205, 'Cable Remax 2*1 lightning & micro usb 1m  Armor Metal rc-067t', '<p>Cable Remax 2*1 lightning &amp; micro usb 1m &nbsp;Armor Metal rc-067t</p>', 'ar'),
(410, 205, 'Cable Remax 2*1 lightning & micro usb 1m  Armor Metal rc-067t', '<p>Cable Remax 2*1 lightning &amp; micro usb 1m &nbsp;Armor Metal rc-067t</p>', 'en'),
(411, 206, 'Cable Remax 2*1 lightning & micro usb 1m local', '<p>Cable Remax 2*1 lightning &amp; micro usb 1m local</p>', 'ar'),
(412, 206, 'Cable Remax 2*1 lightning & micro usb 1m local', '<p>Cable Remax 2*1 lightning &amp; micro usb 1m local</p>', 'en'),
(413, 207, 'Cable remax  micro usb hanging leather (medallion)', '<p>Cable remax &nbsp;micro usb hanging leather (medallion)</p>', 'ar'),
(414, 207, 'Cable remax  micro usb hanging leather (medallion)', '<p>Cable remax &nbsp;micro usb hanging leather (medallion)</p>', 'en'),
(415, 208, 'Fast chercher 3 usb with out cable French', '<p>Fast chercher 3 usb with out cable French</p>', 'ar'),
(416, 208, 'Fast chercher 3 usb with out cable French', '<p>Fast chercher 3 usb with out cable French</p>', 'en'),
(417, 209, 'Mobile gaming Holder LOL', '<p>Mobile gaming Holder LOL</p>', 'ar'),
(418, 209, 'Mobile gaming Holder LOL', '<p>Mobile gaming Holder LOL</p>', 'en'),
(419, 210, 'Mouse 3D', '<p>Mouse 3D</p>', 'ar'),
(420, 210, 'Mouse 3D', '<p>Mouse 3D</p>', 'en'),
(421, 211, 'cable Joyroom mico usb 1m', '<p>cable Joyroom mico usb 1m</p>', 'ar'),
(422, 211, 'cable Joyroom mico usb 1m', '<p>cable Joyroom mico usb 1m</p>', 'en'),
(423, 212, 'cable Joyroom mico usb 3m', '<p>cable Joyroom mico usb 3m</p>', 'ar'),
(424, 212, 'cable Joyroom mico usb 3m', '<p>cable Joyroom mico usb 3m</p>', 'en'),
(425, 213, 'cable Remax  lightning 1m lovely  rc-010i', '<p>cable Remax &nbsp;lightning 1m lovely &nbsp;rc-010i</p>', 'ar'),
(426, 213, 'cable Remax  lightning 1m lovely  rc-010i', '<p>cable Remax &nbsp;lightning 1m lovely &nbsp;rc-010i</p>', 'en'),
(427, 214, 'cable Remax micro usb 1m fortune rc-106m', '<p>cable Remax micro usb 1m fortune rc-106m</p>', 'ar'),
(428, 214, 'cable Remax micro usb 1m fortune rc-106m', '<p>cable Remax micro usb 1m fortune rc-106m</p>', 'en'),
(429, 215, 'cable Remax micro usb 1m lovely  rc-010m', '<p>cable Remax micro usb 1m lovely &nbsp;rc-010m</p>', 'ar'),
(430, 215, 'cable Remax micro usb 1m lovely  rc-010m', '<p>cable Remax micro usb 1m lovely &nbsp;rc-010m</p>', 'en'),
(431, 216, 'cable V-GeN micro usb 1m local flat', '<p>cable V-GeN micro usb 1m local flat</p>', 'ar'),
(432, 216, 'cable V-GeN micro usb 1m local flat', '<p>cable V-GeN micro usb 1m local flat</p>', 'en'),
(433, 217, 'cable micro usb 1m local  round yellow', '<p>cable micro usb 1m local &nbsp;round yellow</p>', 'ar'),
(434, 217, 'cable micro usb 1m local  round yellow', '<p>cable micro usb 1m local &nbsp;round yellow</p>', 'en'),
(435, 218, 'cable remax micro usb pink 1m rc-001m', '<p>cable remax micro usb pink 1m rc-001m</p>', 'ar'),
(436, 218, 'cable remax micro usb pink 1m rc-001m', '<p>cable remax micro usb pink 1m rc-001m</p>', 'en'),
(437, 219, 'cable remax usb type c Shoes', '<p>cable remax usb type c Shoes</p>', 'ar'),
(438, 219, 'cable remax usb type c Shoes', '<p>cable remax usb type c Shoes</p>', 'en'),
(439, 220, 'cable usb type c 1m local  round white', '<p>cable usb type c 1m local &nbsp;round white</p>', 'ar'),
(440, 220, 'cable usb type c 1m local  round white', '<p>cable usb type c 1m local &nbsp;round white</p>', 'en'),
(441, 221, 'hand free blutoth xi6 tws', '<p>hand free blutoth xi6 tws</p>', 'ar'),
(442, 221, 'hand free blutoth xi6 tws', '<p>hand free blutoth xi6 tws</p>', 'en'),
(443, 222, 'hand free extra', '<p>hand free extra</p>', 'ar'),
(444, 222, 'hand free extra', '<p>hand free extra</p>', 'en'),
(445, 223, 'hand free hand band', '<p>hand free hand band</p>', 'ar'),
(446, 223, 'hand free hand band', '<p>hand free hand band</p>', 'en'),
(447, 224, 'headphone beats 450', '<p>headphone beats 450</p>', 'ar'),
(448, 224, 'headphone beats 450', '<p>headphone beats 450</p>', 'en'),
(449, 225, 'pc-hdd - 500G - pc - wd', '<p>pc-hdd - 500G - pc - wd</p>', 'ar'),
(450, 225, 'pc-hdd - 500G - pc - wd', '<p>pc-hdd - 500G - pc - wd</p>', 'en'),
(451, 226, 'MOUS USB ZR200 - ZERO', '<p>MOUS USB ZR200 - ZERO</p>', 'ar'),
(452, 226, 'MOUS USB ZR200 - ZERO', '<p>MOUS USB ZR200 - ZERO</p>', 'en'),
(453, 227, 'smart watch 2020', '<p>smart watch 2020</p>', 'ar'),
(454, 227, 'smart watch 2020', '<p>smart watch 2020</p>', 'en'),
(455, 228, 'Smart Watch hollo', '<p>Smart Watch hollo</p>', 'ar'),
(456, 228, 'Smart Watch hollo', '<p>Smart Watch hollo</p>', 'en'),
(457, 229, 'Cable MK I phone 2m wdc-042', '<p>Cable MK I phone 2m wdc-042</p>', 'ar'),
(458, 229, 'Cable MK I phone 2m wdc-042', '<p>Cable MK I phone 2m wdc-042</p>', 'en'),
(459, 230, 'علبة باكت CD', '<p>علبة باكت CD</p>', 'ar'),
(460, 230, 'علبة باكت CD', '<p>علبة باكت CD</p>', 'en'),
(461, 231, 'cpu fan', '<p>cpu fan</p>', 'ar'),
(462, 231, 'cpu fan', '<p>cpu fan</p>', 'en'),
(463, 232, 'AUX BLUTOOTH USB', '<p>AUX BLUTOOTH USB</p>', 'ar'),
(464, 232, 'AUX BLUTOOTH USB', '<p>AUX BLUTOOTH USB</p>', 'en'),
(465, 233, 'software-win pro 10 64Bit English 1pk Dsp OEI Serial', '<p>software-win pro 10 64Bit English 1pk Dsp OEI Serial&nbsp;</p>', 'ar'),
(466, 233, 'software-win pro 10 64Bit English 1pk Dsp OEI Serial', '<p>software-win pro 10 64Bit English 1pk Dsp OEI Serial&nbsp;</p>', 'en'),
(467, 234, 'office professional plus 2019 whit media', '<p>&nbsp;office professional plus 2019 whit media</p>', 'ar'),
(468, 234, 'office professional plus 2019 whit media', '<p>&nbsp;office professional plus 2019 whit media</p>', 'en'),
(471, 236, 'radio 166', '<p>radio 166</p>', 'ar'),
(472, 236, 'radio 166', '<p>radio 166</p>', 'en'),
(473, 237, 'cd printable Benq', '<p>cd printable Benq</p>', 'ar'),
(474, 237, 'cd printable Benq', '<p>cd printable Benq</p>', 'en'),
(479, 240, 'office professional plus 2019 Card', '<p>office professional plus 2019 Card</p>', 'ar'),
(480, 240, 'office professional plus 2019 Card', '<p>office professional plus 2019 Card</p>', 'en'),
(481, 241, 'software-Microsoft Office Professional Plus 2019 Product Key 365 - 5 user', '<p>software-Microsoft Office Professional Plus 2019 Product Key 365 - 5 user</p>', 'ar'),
(482, 241, 'software-Microsoft Office Professional Plus 2019 Product Key 365 - 5 user', '<p>software-Microsoft Office Professional Plus 2019 Product Key 365 - 5 user</p>', 'en'),
(483, 242, 'power supply creetive 1800 watt 80 plus', '<p>&nbsp;power supply creetive 1800 watt 80 plus</p>', 'ar'),
(484, 242, 'power supply creetive 1800 watt 80 plus', '<p>&nbsp;power supply creetive 1800 watt 80 plus</p>', 'en'),
(487, 244, 'Printer HP LaserJet Pro M26nw - 642364', '<p>Printer HP LaserJet Pro M26nw - 642364</p>', 'ar'),
(488, 244, 'Printer HP LaserJet Pro M26nw - 642364', '<p>Printer HP LaserJet Pro M26nw - 642364</p>', 'en'),
(489, 245, 'ssd addlink s68 512g m.2 2281  nvme PCIe GEN3x4 up to r 2100MB/s- w 1700 MB/s', '<p>ssd addlink s68 512g m.2 2281 &nbsp;nvme PCIe GEN3x4 up to r 2100MB/s- w 1700 MB/s</p>', 'ar'),
(490, 245, 'ssd addlink s68 512g m.2 2281  nvme PCIe GEN3x4 up to r 2100MB/s- w 1700 MB/s', '<p>ssd addlink s68 512g m.2 2281 &nbsp;nvme PCIe GEN3x4 up to r 2100MB/s- w 1700 MB/s</p>', 'en'),
(491, 246, 'شاحن ديل', '<p>شاحن ديل</p>', 'ar'),
(492, 246, 'dell charger', '<p>dell charger</p>', 'en'),
(493, 247, 'Hp 17a Black Laserjet Toner Cartridge', '<p>Hp 17a Black Laserjet Toner Cartridge</p>', 'ar'),
(494, 247, 'Hp 17a Black Laserjet Toner Cartridge', '<p>Hp 17a Black Laserjet Toner Cartridge</p>', 'en'),
(495, 248, 'Dell 19 inch Monitor for Home Office: E1920H', '<p>Dell 19 inch Monitor for Home Office: E1920H</p>', 'ar'),
(496, 248, 'Dell 19 inch Monitor for Home Office: E1920H', '<p>Dell 19 inch Monitor for Home Office: E1920H</p>', 'en'),
(497, 249, 'Lenovo Thinkpad E15 Laptop - Intel Core I5 10th- 8GB RAM - 1TB HDD - 15.6-inch FHD - 2GB GPU -Black', '<p>Lenovo Thinkpad E15 Laptop - Intel Core I5 10th- 8GB RAM - 1TB HDD - 15.6-inch FHD - 2GB GPU -Black</p>', 'ar'),
(498, 249, 'Lenovo Thinkpad E15 Laptop - Intel Core I5 10th- 8GB RAM - 1TB HDD - 15.6-inch FHD - 2GB GPU -Black', '<p>Lenovo Thinkpad E15 Laptop - Intel Core I5 10th- 8GB RAM - 1TB HDD - 15.6-inch FHD - 2GB GPU -Black</p>', 'en'),
(505, 253, 'Windows Server 2019', '<p>Windows Server 2019</p>', 'ar'),
(506, 253, 'Windows Server 2019', '<p>Windows Server 2019</p>', 'en'),
(507, 254, 'HP LaserJet Pro MFP M227sdn', '<p>HP LaserJet Pro MFP M227sdn</p>', 'ar'),
(508, 254, 'HP LaserJet Pro MFP M227sdn', '<p>HP LaserJet Pro MFP M227sdn</p>', 'en'),
(509, 255, 'cable Aux 1*1 x-plus 56', '<p>cable Aux 1*1 x-plus 56</p>', 'ar'),
(510, 255, 'cable Aux 1*1 x-plus 56', '<p>cable Aux 1*1 x-plus 56</p>', 'en'),
(511, 256, 'شاحن ايمي عالي 202', '<p>&nbsp;شاحن ايمي عالي 202</p>', 'ar'),
(512, 256, 'شاحن ايمي عالي 202', '<p>&nbsp;شاحن ايمي عالي 202</p>', 'en'),
(513, 257, 'Bluetooth Car 2IN1 B09 - ZERO', '<p>Bluetooth Car 2IN1 B09 - ZERO</p>', 'ar'),
(514, 257, 'Bluetooth Car 2IN1 B09 - ZERO', '<p>Bluetooth Car 2IN1 B09 - ZERO</p>', 'en'),
(515, 258, 'Cable Remax  lightning lemen 1m rc-101a', '<p>Cable Remax &nbsp;lightning lemen 1m rc-101a</p>', 'ar'),
(516, 258, 'Cable Remax  lightning lemen 1m rc-101a', '<p>Cable Remax &nbsp;lightning lemen 1m rc-101a</p>', 'en'),
(517, 259, 'win pro 10 64Bit English 1pk Dsp OEI DVD', '<p>win pro 10 64Bit English 1pk Dsp OEI DVD</p>', 'ar'),
(518, 259, 'win pro 10 64Bit English 1pk Dsp OEI DVD', '<p>win pro 10 64Bit English 1pk Dsp OEI DVD</p>', 'en'),
(519, 260, 'ssd addlink s68 512g m.2 2281  nvme PCIe GEN3x4 up to r 2100MB/s- w 1700 MB/s', '<p>ssd addlink s68 512g m.2 2281 &nbsp;nvme PCIe GEN3x4 up to r 2100MB/s- w 1700 MB/s</p>', 'ar'),
(520, 260, 'ssd addlink s68 512g m.2 2281  nvme PCIe GEN3x4 up to r 2100MB/s- w 1700 MB/s', '<p>ssd addlink s68 512g m.2 2281 &nbsp;nvme PCIe GEN3x4 up to r 2100MB/s- w 1700 MB/s</p>', 'en'),
(521, 261, 'وصلة شاحن تريوس', '<p>وصلة شاحن تريوس</p>', 'ar'),
(522, 261, 'وصلة شاحن تريوس', '<p>وصلة شاحن تريوس</p>', 'en'),
(523, 262, 'software-win pro 10 64Bit English 1pk Dsp OEI DVD', '<p>software-win pro 10 64Bit English 1pk Dsp OEI DVD</p>', 'ar'),
(524, 262, 'software-win pro 10 64Bit English 1pk Dsp OEI DVD', '<p>software-win pro 10 64Bit English 1pk Dsp OEI DVD</p>', 'en'),
(525, 263, 'Windows Server 2016', '<p>Windows Server 2016</p>', 'ar'),
(526, 263, 'Windows Server 2016', '<p>Windows Server 2016</p>', 'en'),
(527, 264, 'cable micro usb 1m local round white', '<p>cable micro usb 1m local round white</p>', 'ar'),
(528, 264, 'cable micro usb 1m local round white', '<p>cable micro usb 1m local round white</p>', 'en'),
(529, 265, 'power Supply T-Dagger TPS201', '<p>power Supply T-Dagger TPS201&nbsp;</p>', 'ar'),
(530, 265, 'power Supply T-Dagger TPS201', '<p>power Supply T-Dagger TPS201&nbsp;</p>', 'en'),
(531, 266, 'cable power imported', '<p>cable power imported</p>', 'ar'),
(532, 266, 'cable power imported', '<p>cable power imported</p>', 'en'),
(533, 267, 'سماعه blue R6', '<p>سماعه blue R6</p>', 'ar'),
(534, 267, 'سماعه blue R6', '<p>سماعه blue R6</p>', 'en'),
(535, 268, 'RJ Cat 6 A', '<p>RJ Cat 6 A</p>', 'ar'),
(536, 268, 'RJ Cat 6 A', '<p>RJ Cat 6 A</p>', 'en'),
(537, 269, 'اراجة', '<p>اراجة&nbsp;</p>', 'ar'),
(538, 269, 'اراجة', '<p>اراجة&nbsp;</p>', 'en'),
(539, 270, 'بطارية 9 فولت', '<p>بطارية 9 فولت</p>', 'ar'),
(540, 270, 'بطارية 9 فولت', '<p>بطارية 9 فولت</p>', 'en'),
(541, 271, 'LENOVO THINKPAD E15 20rd008hed', '<p>LENOVO THINKPAD E15 20rd008hed</p>', 'ar'),
(542, 271, 'LENOVO THINKPAD E15 20rd008hed', '<p>LENOVO THINKPAD E15 20rd008hed</p>', 'en'),
(543, 272, 'office professional plus 2019', '<p>office professional plus 2019&nbsp;</p>', 'ar'),
(544, 272, 'office professional plus 2019', '<p>office professional plus 2019&nbsp;</p>', 'en'),
(545, 273, 'Windows Server 2019', '<p>Windows Server 2019</p>', 'ar'),
(546, 273, 'Windows Server 2019', '<p>Windows Server 2019</p>', 'en'),
(547, 274, 'Windows Server 2016', '<p>Windows Server 2016</p>', 'ar'),
(548, 274, 'Windows Server 2016', '<p>Windows Server 2016</p>', 'en'),
(549, 275, 'Windows Server 2019', '<p>Windows Server 2019</p>', 'ar'),
(550, 275, 'Windows Server 2019', '<p>Windows Server 2019</p>', 'en'),
(551, 276, 'HP ARUBA 1930 24 PORT 4SFP 370W JL684A', '<p>HP ARUBA 1930 24 PORT 4SFP 370W JL684A</p>', 'ar'),
(552, 276, 'HP ARUBA 1930 24 PORT 4SFP 370W JL684A', '<p>HP ARUBA 1930 24 PORT 4SFP 370W JL684A</p>', 'en'),
(553, 277, 'كابل طبق type-c', '<p>كابل طبق type-c</p>', 'ar'),
(554, 277, 'كابل طبق type-c', '<p>كابل طبق type-c</p>', 'en'),
(555, 278, 'RJ Cat 6 3com', '<p>RJ Cat 6 3com</p>', 'ar'),
(556, 278, 'RJ Cat 6 3com', '<p>RJ Cat 6 3com</p>', 'en'),
(557, 279, 'دباسة نت ورك', '<p>دباسة نت ورك</p>', 'ar'),
(558, 279, 'دباسة نت ورك', '<p>دباسة نت ورك</p>', 'en'),
(559, 280, 'lenovo thinkpad x230 charger', '<p>lenovo thinkpad x230 charger</p>', 'ar'),
(560, 280, 'lenovo thinkpad x230 charger', '<p>lenovo thinkpad x230 charger</p>', 'en'),
(561, 281, 'win pro 10 64Bit English 1pk Dsp OEI DVD', '<p>win pro 10 64Bit English 1pk Dsp OEI DVD</p>', 'ar'),
(562, 281, 'win pro 10 64Bit English 1pk Dsp OEI DVD', '<p>win pro 10 64Bit English 1pk Dsp OEI DVD</p>', 'en'),
(563, 282, 'office professional plus 2019', '<p>office professional plus 2019&nbsp;</p>', 'ar'),
(564, 282, 'office professional plus 2019', '<p>office professional plus 2019&nbsp;</p>', 'en'),
(565, 283, 'Microsoft Office Professional Plus 2019 Product Key 365 - 5 user', '<p>Microsoft Office Professional Plus 2019 Product Key 365 - 5 user</p>', 'ar'),
(566, 283, 'Microsoft Office Professional Plus 2019 Product Key 365 - 5 user', '<p>Microsoft Office Professional Plus 2019 Product Key 365 - 5 user</p>', 'en'),
(567, 284, 'monitor Dell 19 insh 1916', '<p>monitor Dell 19 insh 1916</p>', 'ar'),
(568, 284, 'monitor Dell 19 insh 1916', '<p>monitor Dell 19 insh 1916</p>', 'en'),
(569, 285, 'win pro 10 64Bit English 1pk Dsp OEI DVD', '<p>win pro 10 64Bit English 1pk Dsp OEI DVD</p>', 'ar'),
(570, 285, 'win pro 10 64Bit English 1pk Dsp OEI DVD', '<p>win pro 10 64Bit English 1pk Dsp OEI DVD</p>', 'en'),
(571, 286, 'power Supply T-Dagger TPS201', '<p>power Supply T-Dagger TPS201&nbsp;</p>', 'ar'),
(572, 286, 'power Supply T-Dagger TPS201', '<p>power Supply T-Dagger TPS201&nbsp;</p>', 'en'),
(573, 287, 'stand 2m ring light', '<p>stand 2m ring light</p>', 'ar'),
(574, 287, 'stand 2m ring light', '<p>stand 2m ring light</p>', 'en'),
(575, 288, 'monitor e2016h', '<p>monitor e2016h</p>', 'ar'),
(576, 288, 'monitor e2016h', '<p>monitor e2016h</p>', 'en'),
(577, 289, 'DELL 3080 I5 - H 1T - R8', '<p>DELL 3080 I5 - H 1T - R8</p>', 'ar'),
(578, 289, 'DELL 3080 I5 - H 1T - R8', '<p>DELL 3080 I5 - H 1T - R8</p>', 'en'),
(579, 290, 'Microsoft Office 365 - m3dia', '<p>Microsoft Office 365 - m3dia</p>', 'ar'),
(580, 290, 'Microsoft Office 365 - m3dia', '<p>Microsoft Office 365 - m3dia</p>', 'en'),
(581, 291, 'software-win pro 10 64Bit English 1pk Dsp OEI DVD - version 2004', '<p>software-win pro 10 64Bit English 1pk Dsp OEI DVD - version 2004</p>', 'ar'),
(582, 291, 'software-win pro 10 64Bit English 1pk Dsp OEI DVD - version 2004', '<p>software-win pro 10 64Bit English 1pk Dsp OEI DVD - version 2004</p>', 'en'),
(585, 293, 'كابل ايفون درج', '<p>كابل ايفون درج</p>', 'ar'),
(586, 293, 'كابل ايفون درج', '<p>كابل ايفون درج</p>', 'en'),
(587, 294, 'كابل ايفون درج', '<p>كابل ايفون درج</p>', 'ar'),
(588, 294, 'كابل ايفون درج', '<p>كابل ايفون درج</p>', 'en'),
(589, 295, 'lock - imac', '<p>lock - imac</p>', 'ar'),
(590, 295, 'lock - imac', '<p>lock - imac</p>', 'en'),
(591, 296, 'DELL 3080 I5 - H 1T - R8', '<p>DELL 3080 I5 - H 1T - R8</p>', 'ar'),
(592, 296, 'DELL 3080 I5 - H 1T - R8', '<p>DELL 3080 I5 - H 1T - R8</p>', 'en'),
(593, 297, 'Dell 19 inch Monitor E1920H', '<p>Dell 19 inch Monitor E1920H</p>', 'ar'),
(594, 297, 'Dell 19 inch Monitor E1920H', '<p>Dell 19 inch Monitor E1920H</p>', 'en'),
(595, 298, 'software-win pro 10 64Bit English 1pk Dsp OEI DVD - version 2004', '<p>software-win pro 10 64Bit English 1pk Dsp OEI DVD - version 2004</p>', 'ar'),
(596, 298, 'software-win pro 10 64Bit English 1pk Dsp OEI DVD - version 2004', '<p>software-win pro 10 64Bit English 1pk Dsp OEI DVD - version 2004</p>', 'en'),
(597, 299, 'software-win pro 10 64Bit English 1pk Dsp OEI DVD - version 1909', '<p>software-win pro 10 64Bit English 1pk Dsp OEI DVD - version 1909</p>', 'ar'),
(598, 299, 'software-win pro 10 64Bit English 1pk Dsp OEI DVD - version 1909', '<p>software-win pro 10 64Bit English 1pk Dsp OEI DVD - version 1909</p>', 'en'),
(599, 300, 'software-win pro 10 64Bit English 1pk Dsp OEI DVD - version 20h2', '<p>software-win pro 10 64Bit English 1pk Dsp OEI DVD - version 20h2</p>', 'ar'),
(600, 300, 'software-win pro 10 64Bit English 1pk Dsp OEI DVD - version 20h2', '<p>software-win pro 10 64Bit English 1pk Dsp OEI DVD - version 20h2</p>', 'en'),
(601, 301, 'Screen projector Roll Size 158*203', '<p>&nbsp;Screen projector Roll Size 158*203</p>', 'ar'),
(602, 301, 'Screen projector Roll Size 158*203', '<p>&nbsp;Screen projector Roll Size 158*203</p>', 'en'),
(609, 305, 'Headphones beats 010', '<p>Headphones beats 010</p>', 'ar'),
(610, 305, 'Headphones beats 010', '<p>Headphones beats 010</p>', 'en'),
(611, 306, 'Headphones beats 010', '<p>Headphones beats 010</p>', 'ar'),
(612, 306, 'Headphones beats 010', '<p>Headphones beats 010</p>', 'en'),
(615, 308, 'DELL C-I7 M-G5 5500/16/512 SSD/V4 GTX 1650TI /10750H', '<p>DELL C-I7 M-G5 5500/16/512 SSD/V4 GTX 1650TI /10750H</p>', 'ar'),
(616, 308, 'DELL C-I7 M-G5 5500/16/512 SSD/V4 GTX 1650TI /10750H', '<p>DELL C-I7 M-G5 5500/16/512 SSD/V4 GTX 1650TI /10750H</p>', 'en'),
(617, 309, 'Windows Server 2019 DATA', '<p>Windows Server 2019 DATA</p>', 'ar'),
(618, 309, 'Windows Server 2019 DATA', '<p>Windows Server 2019 DATA</p>', 'en'),
(619, 310, 'كابل طبق type-c', '<p>كابل طبق type-c</p>', 'ar'),
(620, 310, 'كابل طبق type-c', '<p>كابل طبق type-c</p>', 'en'),
(621, 311, 'كابل طبق type-c', '<p>كابل طبق type-c</p>', 'ar'),
(622, 311, 'كابل طبق type-c', '<p>كابل طبق type-c</p>', 'en'),
(623, 312, 'Fast chercher 3 usb with out cable French', '<p>Fast chercher 3 usb with out cable French</p>', 'ar'),
(624, 312, 'Fast chercher 3 usb with out cable French', '<p>Fast chercher 3 usb with out cable French</p>', 'en'),
(625, 313, 'Fast chercher 3 usb with out cable French', '<p>Fast chercher 3 usb with out cable French</p>', 'ar'),
(626, 313, 'Fast chercher 3 usb with out cable French', '<p>Fast chercher 3 usb with out cable French</p>', 'en'),
(627, 314, 'Speker - Bt', '<p>Speker - Bt</p>', 'ar'),
(628, 314, 'Speker - Bt', '<p>Speker - Bt</p>', 'en'),
(629, 315, 'Speker - Bt', '<p>Speker - Bt</p>', 'ar'),
(630, 315, 'Speker - Bt', '<p>Speker - Bt</p>', 'en'),
(631, 316, 'N.B Hp 15-Da2005ne Ci7/8/1tb/vga 4gb', '<p>N.B Hp 15-Da2005ne Ci7/8/1tb/vga 4gb</p>', 'ar'),
(632, 316, 'N.B Hp 15-Da2005ne Ci7/8/1tb/vga 4gb', '<p>N.B Hp 15-Da2005ne Ci7/8/1tb/vga 4gb</p>', 'en'),
(633, 317, 'Web Camera HD-720', '<p>Web Camera HD-720</p>', 'ar'),
(634, 317, 'Web Camera HD-720', '<p>Web Camera HD-720</p>', 'en'),
(635, 318, 'Web Camera HD-720', '<p>Web Camera HD-720</p>', 'ar'),
(636, 318, 'Web Camera HD-720', '<p>Web Camera HD-720</p>', 'en'),
(637, 319, 'Web Camera HD-720', '<p>Web Camera HD-720</p>', 'ar'),
(638, 319, 'Web Camera HD-720', '<p>Web Camera HD-720</p>', 'en'),
(639, 320, 'GIGAMAX GM-008', '<p>GIGAMAX GM-008</p>', 'ar'),
(640, 320, 'GIGAMAX GM-008', '<p>GIGAMAX GM-008</p>', 'en'),
(641, 321, 'GIGAMAX GM-008', '<p>GIGAMAX GM-008</p>', 'ar'),
(642, 321, 'GIGAMAX GM-008', '<p>GIGAMAX GM-008</p>', 'en'),
(643, 322, 'AirDot - MI - شاومي', '<p>AirDot - MI - شاومي</p>', 'ar'),
(644, 322, 'AirDot - MI - شاومي', '<p>AirDot - MI - شاومي</p>', 'en'),
(645, 323, 'Lenovo ThinkPad E14 - Core i7-10510U - 8GB DDR4 - 1TB 5400rpm - Vga Intel 14 FHD - No OS', '<p>Lenovo ThinkPad E14 - Core i7-10510U - 8GB DDR4 - 1TB 5400rpm - Vga Intel 14 FHD - No OS</p>', 'ar'),
(646, 323, 'Lenovo ThinkPad E14 - Core i7-10510U - 8GB DDR4 - 1TB 5400rpm - Vga Intel 14 FHD - No OS', '<p>Lenovo ThinkPad E14 - Core i7-10510U - 8GB DDR4 - 1TB 5400rpm - Vga Intel 14 FHD - No OS</p>', 'en'),
(647, 324, 'B100', '<p>B100</p>', 'ar'),
(648, 324, 'B100', '<p>B100</p>', 'en'),
(651, 326, 'Game pad wireless ps4 sony', '<p>Game pad wireless ps4 sony</p>', 'ar'),
(652, 326, 'Game pad wireless ps4 sony', '<p>Game pad wireless ps4 sony</p>', 'en'),
(653, 327, 'pc-HD - 1T - GREEN -PC', '<p>pc-HD - 1T - GREEN -PC</p>', 'ar'),
(654, 327, 'pc-HD - 1T - GREEN -PC', '<p>pc-HD - 1T - GREEN -PC</p>', 'en'),
(663, 332, 'software-win pro 10 64Bit English 1pk Dsp OEI DVD', '<p>software-win pro 10 64Bit English 1pk Dsp OEI DVD</p>', 'ar');
INSERT INTO `product_translations` (`id`, `product_id`, `name`, `description`, `locale`) VALUES
(664, 332, 'software-win pro 10 64Bit English 1pk Dsp OEI DVD', '<p>software-win pro 10 64Bit English 1pk Dsp OEI DVD</p>', 'en'),
(665, 333, 'software-win pro 10 64Bit English 1pk Dsp OEI DVD', '<p>software-win pro 10 64Bit English 1pk Dsp OEI DVD</p>', 'ar'),
(666, 333, 'software-win pro 10 64Bit English 1pk Dsp OEI DVD', '<p>software-win pro 10 64Bit English 1pk Dsp OEI DVD</p>', 'en'),
(667, 334, 'software-win pro 10 64Bit English 1pk Dsp OEI DVD - version 20h2', '<p>software-win pro 10 64Bit English 1pk Dsp OEI DVD - version 20h2</p>', 'ar'),
(668, 334, 'software-win pro 10 64Bit English 1pk Dsp OEI DVD - version 20h2', '<p>software-win pro 10 64Bit English 1pk Dsp OEI DVD - version 20h2</p>', 'en'),
(669, 335, 'office professional plus 2019', '<p>office professional plus 2019&nbsp;</p>', 'ar'),
(670, 335, 'office professional plus 2019', '<p>office professional plus 2019&nbsp;</p>', 'en'),
(671, 336, 'software-win pro 10 64Bit English 1pk Dsp OEI DVD', '<p>software-win pro 10 64Bit English 1pk Dsp OEI DVD</p>', 'ar'),
(672, 336, 'software-win pro 10 64Bit English 1pk Dsp OEI DVD', '<p>software-win pro 10 64Bit English 1pk Dsp OEI DVD</p>', 'en'),
(673, 337, 'keyboard Dell', '<p>keyboard Dell</p>', 'ar'),
(674, 337, 'keyboard Dell', '<p>keyboard Dell</p>', 'en'),
(675, 338, 'office professional plus 2019 5 user 365', '<p>office professional plus 2019 5 user 365&nbsp;</p>', 'ar'),
(676, 338, 'office professional plus 2019 5 user 365', '<p>office professional plus 2019 5 user 365&nbsp;</p>', 'en');

-- --------------------------------------------------------

--
-- Table structure for table `representatives`
--

CREATE TABLE `representatives` (
  `id` int(11) NOT NULL,
  `name` varchar(255) CHARACTER SET utf8 NOT NULL,
  `phone` varchar(255) CHARACTER SET utf8 NOT NULL,
  `add_by` int(11) NOT NULL,
  `update_by` int(11) NOT NULL DEFAULT '0',
  `created_at` timestamp NULL DEFAULT NULL,
  `updated_at` timestamp NULL DEFAULT NULL
) ENGINE=MyISAM DEFAULT CHARSET=latin1;

--
-- Dumping data for table `representatives`
--

INSERT INTO `representatives` (`id`, `name`, `phone`, `add_by`, `update_by`, `created_at`, `updated_at`) VALUES
(1, 'هيثم سمير', '[\"01027991555\"]', 1, 0, '2021-02-02 23:35:10', '2021-02-02 23:35:10'),
(2, 'مصطفى رمضان', '[\"01122328744\",\"01026881555\"]', 1, 0, '2021-02-04 00:05:37', '2021-02-04 00:05:37'),
(4, 'باسم خالد على', '[\"01114626113\"]', 1, 1, '2021-02-21 17:05:23', '2021-03-17 17:57:24');

-- --------------------------------------------------------

--
-- Table structure for table `roles`
--

CREATE TABLE `roles` (
  `id` int(10) UNSIGNED NOT NULL,
  `name` varchar(191) NOT NULL,
  `display_name` varchar(191) DEFAULT NULL,
  `description` varchar(191) DEFAULT NULL,
  `created_at` timestamp NULL DEFAULT NULL,
  `updated_at` timestamp NULL DEFAULT NULL
) ENGINE=InnoDB DEFAULT CHARSET=utf8;

--
-- Dumping data for table `roles`
--

INSERT INTO `roles` (`id`, `name`, `display_name`, `description`, `created_at`, `updated_at`) VALUES
(1, 'super_admin', 'Super Admin', 'Super Admin', '2020-09-13 18:07:09', '2020-09-13 18:07:09'),
(2, 'admin', 'Admin', 'Admin', '2020-09-13 18:07:11', '2020-09-13 18:07:11');

-- --------------------------------------------------------

--
-- Table structure for table `role_user`
--

CREATE TABLE `role_user` (
  `role_id` int(10) UNSIGNED NOT NULL,
  `user_id` int(10) UNSIGNED NOT NULL,
  `user_type` varchar(191) NOT NULL
) ENGINE=InnoDB DEFAULT CHARSET=utf8;

--
-- Dumping data for table `role_user`
--

INSERT INTO `role_user` (`role_id`, `user_id`, `user_type`) VALUES
(1, 1, 'App\\User'),
(2, 3, 'App\\User'),
(2, 4, 'App\\User'),
(2, 5, 'App\\User'),
(2, 6, 'App\\User'),
(2, 7, 'App\\User'),
(2, 8, 'App\\User'),
(2, 9, 'App\\User'),
(2, 13, 'App\\User'),
(2, 14, 'App\\User');

-- --------------------------------------------------------

--
-- Table structure for table `shippingmethods`
--

CREATE TABLE `shippingmethods` (
  `id` int(11) NOT NULL,
  `name` varchar(255) CHARACTER SET utf8 NOT NULL,
  `phone` varchar(255) CHARACTER SET utf8 NOT NULL,
  `add_by` int(11) NOT NULL,
  `update_by` int(11) NOT NULL DEFAULT '0',
  `created_at` timestamp NULL DEFAULT NULL,
  `updated_at` timestamp NULL DEFAULT NULL
) ENGINE=MyISAM DEFAULT CHARSET=latin1;

--
-- Dumping data for table `shippingmethods`
--

INSERT INTO `shippingmethods` (`id`, `name`, `phone`, `add_by`, `update_by`, `created_at`, `updated_at`) VALUES
(1, 'الشركة', '[\"01002013135\",\"01025445384\"]', 1, 0, '2021-02-04 20:00:12', '2021-02-04 20:00:12'),
(2, 'شركة شحن البراق', '[\"01203000324\",\"01143435027\"]', 1, 0, '2021-02-04 20:00:44', '2021-02-04 20:27:58'),
(3, 'شركة شحن فاستر', '[\"01021521304\"]', 1, 0, '2021-02-04 20:30:05', '2021-02-04 20:30:05'),
(4, 'شركة شحن رابيدو', '[\"01065535959\"]', 1, 0, '2021-02-04 20:31:02', '2021-02-04 20:31:02'),
(5, 'شركة شحن ميراج', '[\"01061779855\"]', 1, 0, '2021-02-04 20:31:34', '2021-02-04 20:31:34'),
(6, 'موقع سوق', '[\"01026678782\"]', 1, 1, '2021-02-08 19:47:20', '2021-03-17 18:18:55'),
(8, 'فرع عين شمس', '[\"01114626113\"]', 1, 0, '2021-03-21 21:40:28', '2021-03-21 21:40:28');

-- --------------------------------------------------------

--
-- Table structure for table `stores`
--

CREATE TABLE `stores` (
  `id` int(11) NOT NULL,
  `store_name` varchar(255) CHARACTER SET utf8 NOT NULL,
  `store_address` varchar(255) CHARACTER SET utf8 NOT NULL,
  `store_respon` int(11) NOT NULL,
  `add_by` int(11) NOT NULL,
  `update_by` int(11) NOT NULL DEFAULT '0',
  `created_at` timestamp NULL DEFAULT NULL,
  `updated_at` timestamp NULL DEFAULT NULL
) ENGINE=MyISAM DEFAULT CHARSET=latin1;

--
-- Dumping data for table `stores`
--

INSERT INTO `stores` (`id`, `store_name`, `store_address`, `store_respon`, `add_by`, `update_by`, `created_at`, `updated_at`) VALUES
(1, 'المخزن الرئيسى', 'مقر الشركة - وسط البلد', 3, 1, 1, NULL, '2021-03-17 17:52:59'),
(2, 'فرع عين شمس', 'فرع عين شمس - سكشن مول عين شمس', 13, 1, 0, NULL, '2021-03-15 19:07:03');

-- --------------------------------------------------------

--
-- Table structure for table `sumorders`
--

CREATE TABLE `sumorders` (
  `id` int(11) NOT NULL,
  `order_id` int(11) NOT NULL,
  `number_items` int(11) NOT NULL,
  `total_price` double(8,2) NOT NULL,
  `discount` double(8,2) DEFAULT '0.00',
  `transport` double(8,2) DEFAULT '0.00',
  `created_at` timestamp NULL DEFAULT NULL,
  `updated_at` timestamp NULL DEFAULT NULL,
  `type` int(11) NOT NULL
) ENGINE=MyISAM DEFAULT CHARSET=latin1;

--
-- Dumping data for table `sumorders`
--

INSERT INTO `sumorders` (`id`, `order_id`, `number_items`, `total_price`, `discount`, `transport`, `created_at`, `updated_at`, `type`) VALUES
(227, 300, 1, 8000.00, 0.00, 0.00, '2021-03-15 22:36:09', '2021-03-15 22:36:09', 1),
(280, 353, 25, 15277.00, NULL, 0.00, '2021-03-28 18:15:15', '2021-03-28 18:15:15', 1),
(217, 290, 9, 775.00, 0.00, 0.00, '2021-03-14 21:18:45', '2021-03-14 21:18:45', 1),
(216, 289, 3, 440.00, NULL, 0.00, '2021-03-14 20:29:38', '2021-03-14 20:29:38', 1),
(211, 284, 1, 4800.00, 0.00, 0.00, '2021-03-14 17:46:53', '2021-03-14 17:46:53', 1),
(209, 282, 2, 21.25, NULL, 0.00, '2021-03-13 20:27:48', '2021-03-13 20:27:48', 1),
(10, 71, 2, 30.45, NULL, 0.00, '2021-02-10 05:14:40', '2021-02-09 20:32:32', 1),
(24, 85, 1, 7.50, 0.00, 0.00, '2021-02-10 17:38:15', '2021-02-10 17:38:15', 1),
(12, 73, 1, 750.00, 0.00, 0.00, '2021-02-09 23:30:34', '2021-02-09 23:30:34', 1),
(15, 76, 1, 800.00, 0.00, 0.00, '2021-02-10 00:08:50', '2021-02-10 00:08:50', 1),
(16, 77, 1, 60000.00, 0.00, 0.00, '2021-02-10 00:10:54', '2021-02-10 00:10:54', 1),
(23, 84, 1, 18.00, NULL, 0.00, '2021-02-10 16:55:35', '2021-02-10 16:55:35', 1),
(45, 106, 3, 29200.00, 0.00, 0.00, '2021-02-15 19:10:18', '2021-02-15 19:10:18', 1),
(26, 87, 2, 30850.00, 0.00, 0.00, '2021-02-10 20:24:09', '2021-02-10 20:24:09', 1),
(27, 88, 1, 4400.00, 0.00, 0.00, '2021-02-11 00:23:54', '2021-02-11 00:23:54', 1),
(28, 89, 6, 1807.00, NULL, 75.00, '2021-02-11 19:07:08', '2021-02-11 19:07:08', 1),
(53, 114, 2, 85.00, 0.00, 0.00, '2021-02-15 22:35:20', '2021-02-15 22:35:20', 1),
(31, 92, 2, 1700.00, 0.00, 0.00, '2021-02-11 23:40:58', '2021-02-11 23:40:58', 1),
(32, 93, 2, 42.50, NULL, 0.00, '2021-02-12 00:02:21', '2021-02-12 00:02:21', 1),
(132, 202, 2, 165.00, NULL, 0.00, '2021-02-25 00:01:03', '2021-02-25 00:01:03', 1),
(38, 99, 1, 260.00, 0.00, 0.00, '2021-02-14 19:33:10', '2021-02-14 19:33:10', 1),
(43, 104, 4, 792.25, 2.25, 0.00, '2021-02-14 21:59:01', '2021-02-14 21:59:01', 1),
(42, 103, 3, 45.00, 1.50, 0.00, '2021-02-14 21:55:41', '2021-02-14 21:55:41', 1),
(44, 105, 1, 5500.00, 0.00, 0.00, '2021-02-15 18:39:39', '2021-02-15 18:39:39', 1),
(46, 107, 1, 6050.00, 0.00, 0.00, '2021-02-15 19:15:04', '2021-02-15 19:15:04', 1),
(47, 108, 1, 4800.00, 0.00, 0.00, '2021-02-15 19:25:01', '2021-02-15 19:25:01', 1),
(56, 117, 2, 135.00, 0.00, 0.00, '2021-02-15 22:41:40', '2021-02-15 22:41:40', 1),
(54, 115, 3, 350.00, 0.00, 0.00, '2021-02-15 22:37:46', '2021-02-15 22:37:46', 1),
(55, 116, 3, 150.00, 0.00, 0.00, '2021-02-15 22:40:08', '2021-02-15 22:40:08', 1),
(51, 112, 2, 5965.00, 0.00, 0.00, '2021-02-15 21:46:40', '2021-02-15 21:46:40', 1),
(57, 118, 3, 43.50, 0.00, 0.00, '2021-02-16 00:03:32', '2021-02-16 00:03:32', 1),
(58, 119, 4, 168.00, NULL, 0.00, '2021-02-16 00:27:07', '2021-02-16 00:27:07', 1),
(59, 120, 1, 43500.00, 0.00, 0.00, '2021-02-16 00:30:25', '2021-02-16 00:30:25', 1),
(60, 121, 1, 5550.00, 0.00, 0.00, '2021-02-16 15:38:30', '2021-02-16 15:38:30', 1),
(69, 139, 1, 3700.00, 0.00, 0.00, '2021-02-16 17:04:21', '2021-02-16 17:04:21', 1),
(73, 143, 1, 200.00, 0.00, 0.00, '2021-02-16 21:17:37', '2021-02-16 21:17:37', 1),
(76, 146, 1, 20.00, 0.00, 0.00, '2021-02-17 00:27:08', '2021-02-17 00:27:08', 1),
(83, 153, 2, 14800.00, 0.00, 0.00, '2021-02-18 22:26:39', '2021-02-18 22:26:39', 1),
(97, 167, 1, 7500.00, 0.00, 0.00, '2021-02-21 18:41:37', '2021-02-21 18:41:37', 1),
(79, 149, 2, 27411.00, 11.00, 0.00, '2021-02-18 18:38:59', '2021-02-18 18:38:59', 1),
(189, 262, 1, 14000.00, 0.00, 0.00, '2021-03-08 01:50:33', '2021-03-08 01:50:33', 1),
(127, 197, 2, 96.00, NULL, 0.00, '2021-02-24 20:28:38', '2021-02-24 20:28:38', 1),
(84, 154, 1, 8200.00, 0.00, 0.00, '2021-02-18 22:28:12', '2021-02-18 22:28:12', 1),
(89, 159, 3, 1020.00, 0.00, 0.00, '2021-02-18 23:06:44', '2021-02-18 23:06:44', 1),
(90, 160, 2, 3625.00, 0.00, 0.00, '2021-02-19 00:04:21', '2021-02-19 00:04:21', 1),
(124, 194, 3, 710.00, NULL, 0.00, '2021-02-23 20:30:27', '2021-02-23 20:30:27', 1),
(116, 186, 5, 1995.00, NULL, 75.00, '2021-02-22 17:14:38', '2021-02-22 17:14:38', 1),
(101, 171, 1, 1200.00, 0.00, 0.00, '2021-02-21 19:11:01', '2021-02-21 19:11:01', 1),
(103, 173, 1, 4500.00, 0.00, 0.00, '2021-02-21 19:12:34', '2021-02-21 19:12:34', 1),
(104, 174, 1, 120.00, 0.00, 0.00, '2021-02-21 19:23:38', '2021-02-21 19:23:38', 1),
(107, 177, 2, 135.00, 0.00, 0.00, '2021-02-21 19:32:07', '2021-02-21 19:32:07', 1),
(106, 176, 4, 310.00, 0.00, 0.00, '2021-02-21 19:31:25', '2021-02-21 19:31:25', 1),
(180, 253, 2, 220.00, 0.00, 0.00, '2021-03-07 22:31:03', '2021-03-07 22:31:03', 1),
(114, 184, 1, 19000.00, 0.00, 0.00, '2021-02-21 22:00:45', '2021-02-21 22:00:45', 1),
(112, 182, 1, 520.00, 0.00, 0.00, '2021-02-21 21:35:44', '2021-02-21 21:35:44', 1),
(118, 188, 2, 155.00, 0.00, 0.00, '2021-02-22 20:51:41', '2021-02-22 20:51:41', 1),
(119, 189, 1, 135.00, 10.00, 0.00, '2021-02-22 20:52:59', '2021-02-22 20:52:59', 1),
(121, 191, 1, 27500.00, 0.00, 0.00, '2021-02-22 21:31:12', '2021-02-22 21:31:12', 1),
(122, 192, 1, 1300.00, 0.00, 0.00, '2021-02-22 22:26:34', '2021-02-22 22:26:34', 1),
(123, 193, 2, 16200.00, 0.00, 0.00, '2021-02-22 22:28:59', '2021-02-22 22:28:59', 1),
(125, 195, 1, 1850.00, 0.00, 0.00, '2021-02-24 20:09:23', '2021-02-24 20:09:23', 1),
(126, 196, 1, 1200.00, 0.00, 0.00, '2021-02-24 20:10:07', '2021-02-24 20:10:07', 1),
(134, 204, 15, 460.00, NULL, 0.00, '2021-02-25 00:44:11', '2021-02-25 00:44:11', 1),
(129, 199, 2, 26.15, NULL, 0.00, '2021-02-24 21:53:53', '2021-02-24 21:53:53', 1),
(130, 200, 1, 965.00, 0.00, 0.00, '2021-02-24 22:02:02', '2021-02-24 22:02:02', 1),
(133, 203, 2, 110.00, NULL, 0.00, '2021-02-25 00:04:18', '2021-02-25 00:04:18', 1),
(135, 205, 3, 48400.00, 0.00, 0.00, '2021-02-25 16:14:52', '2021-02-25 16:14:52', 1),
(137, 207, 1, 48500.00, 0.00, 0.00, '2021-02-25 18:46:20', '2021-02-25 18:46:20', 1),
(138, 208, 1, 28000.00, 0.00, 0.00, '2021-02-25 20:37:18', '2021-02-25 20:37:18', 1),
(142, 215, 1, 130.00, 0.00, 0.00, '2021-02-27 22:05:24', '2021-02-27 22:05:24', 1),
(155, 228, 1, 7150.00, 0.00, 0.00, '2021-03-02 17:37:16', '2021-03-02 17:37:16', 1),
(148, 221, 1, 5500.00, 0.00, 0.00, '2021-03-01 19:44:19', '2021-03-01 19:44:19', 1),
(225, 298, 6, 2622.50, NULL, 0.00, '2021-03-14 23:38:37', '2021-03-14 23:38:37', 1),
(161, 234, 2, 9400.00, 700.00, 0.00, '2021-03-03 21:27:27', '2021-03-03 21:27:27', 1),
(154, 227, 2, 48.00, NULL, 0.00, '2021-03-01 21:22:56', '2021-03-01 21:22:56', 1),
(159, 232, 1, 8250.00, 0.00, 0.00, '2021-03-02 22:35:03', '2021-03-02 22:35:03', 1),
(162, 235, 1, 11000.00, 0.00, 0.00, '2021-03-03 21:39:05', '2021-03-03 21:39:05', 1),
(163, 236, 1, 6125.00, 0.00, 0.00, '2021-03-03 21:41:41', '2021-03-03 21:41:41', 1),
(166, 239, 3, 770.00, 82.50, 0.00, '2021-03-03 23:58:29', '2021-03-03 23:58:29', 1),
(224, 297, 1, 1800.00, 0.00, 0.00, '2021-03-14 23:34:32', '2021-03-14 23:34:32', 1),
(170, 243, 1, 6000.00, 0.00, 0.00, '2021-03-04 19:00:25', '2021-03-04 19:00:25', 1),
(172, 245, 1, 3500.00, 0.00, 0.00, '2021-03-04 20:11:58', '2021-03-04 20:11:58', 1),
(210, 283, 7, 670.00, NULL, 45.00, '2021-03-13 21:06:30', '2021-03-13 21:06:30', 1),
(181, 254, 4, 360.00, 0.00, 0.00, '2021-03-07 22:36:09', '2021-03-07 22:36:09', 1),
(183, 256, 7, 620.00, 0.00, 0.00, '2021-03-07 22:40:33', '2021-03-07 22:40:33', 1),
(184, 257, 1, 35.00, 0.00, 0.00, '2021-03-07 22:58:27', '2021-03-07 22:58:27', 1),
(185, 258, 6, 195.00, 0.00, 0.00, '2021-03-07 23:01:21', '2021-03-07 23:01:21', 1),
(196, 269, 1, 12.00, NULL, 0.00, '2021-03-08 20:39:56', '2021-03-08 20:39:56', 1),
(191, 264, 1, 60.00, NULL, 0.00, '2021-03-08 18:30:50', '2021-03-08 18:30:50', 1),
(237, 310, 2, 88885.00, 0.00, 0.00, '2021-03-17 02:22:53', '2021-03-17 02:22:53', 1),
(197, 270, 1, 126.00, NULL, 0.00, '2021-03-08 20:41:52', '2021-03-08 20:41:52', 1),
(198, 271, 1, 5500.00, 0.00, 0.00, '2021-03-08 21:08:29', '2021-03-08 21:08:29', 1),
(215, 288, 4, 165.00, 0.00, 0.00, '2021-03-14 20:26:15', '2021-03-14 20:26:15', 1),
(200, 273, 2, 50.00, 0.00, 0.00, '2021-03-08 22:42:51', '2021-03-08 22:42:51', 1),
(214, 287, 5, 705.00, 0.00, 0.00, '2021-03-14 20:13:45', '2021-03-14 20:13:45', 1),
(221, 294, 1, 200.00, 0.00, 0.00, '2021-03-14 22:27:07', '2021-03-14 22:27:07', 1),
(203, 276, 1, 21000.00, 0.00, 0.00, '2021-03-10 21:17:12', '2021-03-10 21:17:12', 1),
(207, 280, 1, 620.00, 0.00, 0.00, '2021-03-11 22:16:51', '2021-03-11 22:16:51', 1),
(206, 279, 2, 16650.00, 0.00, 0.00, '2021-03-12 04:08:19', '2021-03-12 04:07:24', 1),
(228, 301, 2, 42.50, NULL, 0.00, '2021-03-16 16:15:04', '2021-03-16 16:15:04', 1),
(229, 302, 1, 575.00, 0.00, 0.00, '2021-03-16 22:24:45', '2021-03-16 22:24:45', 1),
(265, 338, 3, 2024.00, NULL, 0.00, '2021-03-22 23:06:25', '2021-03-22 23:06:25', 1),
(253, 326, 7, 8255.00, NULL, 0.00, '2021-03-21 17:14:01', '2021-03-21 17:14:01', 1),
(282, 355, 23, 9390.10, NULL, 0.00, '2021-03-29 21:30:20', '2021-03-29 21:30:20', 1),
(236, 309, 1, 8000.00, 0.00, 0.00, '2021-03-17 01:23:24', '2021-03-17 01:23:24', 1),
(241, 314, 1, 130.00, NULL, 0.00, '2021-03-17 15:56:24', '2021-03-17 15:56:24', 1),
(244, 317, 1, 6800.00, 0.00, 0.00, '2021-03-17 18:14:10', '2021-03-17 18:14:10', 1),
(245, 318, 1, 8750.00, NULL, 0.00, '2021-03-17 18:25:50', '2021-03-17 18:25:50', 1),
(254, 327, 2, 10100.00, 0.00, 0.00, '2021-03-21 19:14:21', '2021-03-21 19:14:21', 1),
(248, 321, 1, 50.00, NULL, 0.00, '2021-03-17 23:58:37', '2021-03-17 23:58:37', 1),
(283, 356, 1, 13900.00, 0.00, 0.00, '2021-03-29 22:37:40', '2021-03-29 22:37:40', 1),
(256, 329, 2, 19000.00, 0.00, 0.00, '2021-03-21 19:20:42', '2021-03-21 19:20:42', 1),
(257, 330, 1, 8000.00, 0.00, 0.00, '2021-03-21 19:36:18', '2021-03-21 19:36:18', 1),
(258, 331, 2, 66000.00, 0.00, 0.00, '2021-03-21 19:38:36', '2021-03-21 19:38:36', 1),
(260, 333, 4, 140.00, 0.00, 0.00, '2021-03-21 21:46:17', '2021-03-21 21:46:17', 1),
(261, 334, 2, 60.00, 0.00, 0.00, '2021-03-21 21:47:47', '2021-03-21 21:47:47', 1),
(262, 335, 3, 105.00, 0.00, 0.00, '2021-03-21 21:50:00', '2021-03-21 21:50:00', 1),
(263, 336, 1, 6600.00, 0.00, 0.00, '2021-03-22 21:29:43', '2021-03-22 21:29:43', 1),
(264, 337, 1, 14000.00, 0.00, 0.00, '2021-03-22 21:35:15', '2021-03-22 21:35:15', 1),
(266, 339, 1, 80.00, NULL, 0.00, '2021-03-22 23:58:28', '2021-03-22 23:58:28', 1),
(268, 341, 1, 15.00, NULL, 0.00, '2021-03-23 00:32:00', '2021-03-23 00:32:00', 1),
(269, 342, 1, 93500.00, 0.00, 0.00, '2021-03-23 17:13:43', '2021-03-23 17:13:43', 1),
(270, 343, 4, 75000.00, 0.00, 0.00, '2021-03-23 21:47:31', '2021-03-23 21:47:31', 1),
(271, 344, 1, 2150.00, 0.00, 0.00, '2021-03-23 21:55:01', '2021-03-23 21:55:01', 1),
(274, 347, 2, 13125.00, 0.00, 0.00, '2021-03-24 01:59:04', '2021-03-24 01:59:04', 1),
(281, 354, 3, 8575.00, 0.00, 0.00, '2021-03-28 20:28:24', '2021-03-28 20:28:24', 1),
(284, 357, 1, 10500.00, 0.00, 0.00, '2021-03-30 20:00:03', '2021-03-30 20:00:03', 1),
(285, 358, 2, 2000.00, 0.00, 0.00, '2021-04-06 21:20:12', '2021-04-06 21:20:12', 1);

-- --------------------------------------------------------

--
-- Table structure for table `users`
--

CREATE TABLE `users` (
  `id` bigint(20) UNSIGNED NOT NULL,
  `first_name` varchar(191) NOT NULL,
  `last_name` varchar(191) NOT NULL,
  `email` varchar(191) NOT NULL,
  `image` varchar(191) NOT NULL DEFAULT 'default.png',
  `email_verified_at` timestamp NULL DEFAULT NULL,
  `password` varchar(191) NOT NULL,
  `remember_token` varchar(100) DEFAULT NULL,
  `created_at` timestamp NULL DEFAULT NULL,
  `updated_at` timestamp NULL DEFAULT NULL,
  `store_official` int(11) DEFAULT '0',
  `add_by` int(11) NOT NULL,
  `update_by` int(11) NOT NULL DEFAULT '0'
) ENGINE=InnoDB DEFAULT CHARSET=utf8;

--
-- Dumping data for table `users`
--

INSERT INTO `users` (`id`, `first_name`, `last_name`, `email`, `image`, `email_verified_at`, `password`, `remember_token`, `created_at`, `updated_at`, `store_official`, `add_by`, `update_by`) VALUES
(1, 'Super', 'Admin', 'superAdmin@elnourtech.com', 'default.png', NULL, '$2y$10$2CrkzGvColmWjmb4AotU2OtsGfvm2sIdj63Bp0ngC8SuXEbBIlC5O', NULL, '2021-01-07 19:21:10', '2021-02-04 22:19:59', 0, 0, 0),
(2, 'Admin', 'Admin', 'admin@elnourtech.com', 'default.png', NULL, '$2y$10$tAnAALQJdSsev9wzQh.OHuG0s7tf/hl3e23t/8f/fMuCEd16KSKku', 'oJBRacO0hJNQqDPt7N7ZwyxTeJ7IiIASFi1POOOzaZZILdrfNWY3xrxLpLPV', '2021-01-07 19:30:04', '2021-01-07 19:30:04', 0, 1, 0),
(3, 'Haitham', 'Haitham', 'haitham@elnourtech.com', 'default.png', NULL, '$2y$10$dAQvTvJMUjh7DFKFGLbl1etFs7j5DTLIi2NGP5IynI3DDt8sLvnIG', 'pRtKvcUu1yW6o1PnQo5XTH9Kfvx8yaE0Fwd5bHVYogtAGa5pf0XMhqHvGHQF', '2021-01-11 00:55:42', '2021-03-13 21:35:54', 0, 1, 0),
(8, 'Manal', 'Elnour', 'manal@elnourtech.com', 'default.png', NULL, '$2y$10$hxxhVOMQeq2/6UykbcbvguNfHmVbeyYFcanZG10uYYClCUUhsIcU2', 'acD9BJhjojIj1DQT9M3yZtG96iLTUK17vI4wmJyjTM3gmCJx7dHks7qYiS7o', '2021-01-08 01:25:34', '2021-01-08 01:25:34', 1, 1, 0),
(9, 'Shimaa', 'elnourtech', 'shimaa@elnourtech.com', 'default.png', NULL, '$2y$10$8GteuO43LS0.70jJD/sRA.Shr0AESJVZ04LZ6unCyE5a5oJk73jqC', NULL, '2021-02-02 23:12:05', '2021-02-02 23:12:05', 1, 1, 0),
(13, 'Basim', 'Basim', 'basim@elnourtech.com', 'default.png', NULL, '$2y$10$LhOWMN8WcZAhVqerJlQ3JeDJPMuv3S5debhOw8qG61EcAPNz4IxNW', 'g0dw08gvUyW73YomWykpRg9VgvmHOtcrkO7zzVepOQcxT7DayVXOTT1cPzRV', '2021-02-22 04:37:47', '2021-02-22 04:37:47', 2, 1, 0),
(14, 'Mostafa', 'Ramadan', 'mostafa@elnourtech.com', 'default.png', NULL, '$2y$10$QkWVo7SMZw.ruK2xWnhhNOGGWAjyLYCmvNN1jmiL7gxL35ERt2q.O', NULL, '2021-02-23 17:02:08', '2021-03-17 19:14:48', 1, 1, 1);

--
-- Indexes for dumped tables
--

--
-- Indexes for table `backorders`
--
ALTER TABLE `backorders`
  ADD PRIMARY KEY (`id`);

--
-- Indexes for table `bills`
--
ALTER TABLE `bills`
  ADD PRIMARY KEY (`id`);

--
-- Indexes for table `bounceds`
--
ALTER TABLE `bounceds`
  ADD PRIMARY KEY (`id`);

--
-- Indexes for table `categories`
--
ALTER TABLE `categories`
  ADD PRIMARY KEY (`id`);

--
-- Indexes for table `category_translations`
--
ALTER TABLE `category_translations`
  ADD PRIMARY KEY (`id`),
  ADD UNIQUE KEY `category_translations_category_id_locale_unique` (`category_id`,`locale`);

--
-- Indexes for table `clients`
--
ALTER TABLE `clients`
  ADD PRIMARY KEY (`id`);

--
-- Indexes for table `historydeletes`
--
ALTER TABLE `historydeletes`
  ADD PRIMARY KEY (`id`);

--
-- Indexes for table `last_price_product_order`
--
ALTER TABLE `last_price_product_order`
  ADD PRIMARY KEY (`id`);

--
-- Indexes for table `migrations`
--
ALTER TABLE `migrations`
  ADD PRIMARY KEY (`id`);

--
-- Indexes for table `orders`
--
ALTER TABLE `orders`
  ADD PRIMARY KEY (`id`);

--
-- Indexes for table `password_resets`
--
ALTER TABLE `password_resets`
  ADD KEY `password_resets_email_index` (`email`);

--
-- Indexes for table `permissions`
--
ALTER TABLE `permissions`
  ADD PRIMARY KEY (`id`),
  ADD UNIQUE KEY `permissions_name_unique` (`name`);

--
-- Indexes for table `permission_role`
--
ALTER TABLE `permission_role`
  ADD PRIMARY KEY (`permission_id`,`role_id`),
  ADD KEY `permission_role_role_id_foreign` (`role_id`);

--
-- Indexes for table `permission_user`
--
ALTER TABLE `permission_user`
  ADD PRIMARY KEY (`user_id`,`permission_id`,`user_type`),
  ADD KEY `permission_user_permission_id_foreign` (`permission_id`);

--
-- Indexes for table `products`
--
ALTER TABLE `products`
  ADD PRIMARY KEY (`id`);

--
-- Indexes for table `product_order`
--
ALTER TABLE `product_order`
  ADD PRIMARY KEY (`id`);

--
-- Indexes for table `product_translations`
--
ALTER TABLE `product_translations`
  ADD PRIMARY KEY (`id`),
  ADD UNIQUE KEY `product_translations_product_id_locale_unique` (`product_id`,`locale`);

--
-- Indexes for table `representatives`
--
ALTER TABLE `representatives`
  ADD PRIMARY KEY (`id`);

--
-- Indexes for table `roles`
--
ALTER TABLE `roles`
  ADD PRIMARY KEY (`id`),
  ADD UNIQUE KEY `roles_name_unique` (`name`);

--
-- Indexes for table `role_user`
--
ALTER TABLE `role_user`
  ADD PRIMARY KEY (`user_id`,`role_id`,`user_type`),
  ADD KEY `role_user_role_id_foreign` (`role_id`);

--
-- Indexes for table `shippingmethods`
--
ALTER TABLE `shippingmethods`
  ADD PRIMARY KEY (`id`);

--
-- Indexes for table `stores`
--
ALTER TABLE `stores`
  ADD PRIMARY KEY (`id`);

--
-- Indexes for table `sumorders`
--
ALTER TABLE `sumorders`
  ADD PRIMARY KEY (`id`);

--
-- Indexes for table `users`
--
ALTER TABLE `users`
  ADD PRIMARY KEY (`id`),
  ADD UNIQUE KEY `users_email_unique` (`email`);

--
-- AUTO_INCREMENT for dumped tables
--

--
-- AUTO_INCREMENT for table `backorders`
--
ALTER TABLE `backorders`
  MODIFY `id` int(11) NOT NULL AUTO_INCREMENT, AUTO_INCREMENT=186;

--
-- AUTO_INCREMENT for table `bills`
--
ALTER TABLE `bills`
  MODIFY `id` int(11) NOT NULL AUTO_INCREMENT, AUTO_INCREMENT=70;

--
-- AUTO_INCREMENT for table `bounceds`
--
ALTER TABLE `bounceds`
  MODIFY `id` int(11) NOT NULL AUTO_INCREMENT, AUTO_INCREMENT=12;

--
-- AUTO_INCREMENT for table `categories`
--
ALTER TABLE `categories`
  MODIFY `id` bigint(20) UNSIGNED NOT NULL AUTO_INCREMENT, AUTO_INCREMENT=9;

--
-- AUTO_INCREMENT for table `category_translations`
--
ALTER TABLE `category_translations`
  MODIFY `id` bigint(20) UNSIGNED NOT NULL AUTO_INCREMENT, AUTO_INCREMENT=17;

--
-- AUTO_INCREMENT for table `clients`
--
ALTER TABLE `clients`
  MODIFY `id` bigint(20) UNSIGNED NOT NULL AUTO_INCREMENT, AUTO_INCREMENT=69;

--
-- AUTO_INCREMENT for table `historydeletes`
--
ALTER TABLE `historydeletes`
  MODIFY `id` int(11) NOT NULL AUTO_INCREMENT, AUTO_INCREMENT=65;

--
-- AUTO_INCREMENT for table `last_price_product_order`
--
ALTER TABLE `last_price_product_order`
  MODIFY `id` int(11) NOT NULL AUTO_INCREMENT, AUTO_INCREMENT=1117;

--
-- AUTO_INCREMENT for table `migrations`
--
ALTER TABLE `migrations`
  MODIFY `id` int(10) UNSIGNED NOT NULL AUTO_INCREMENT, AUTO_INCREMENT=18;

--
-- AUTO_INCREMENT for table `orders`
--
ALTER TABLE `orders`
  MODIFY `id` bigint(20) UNSIGNED NOT NULL AUTO_INCREMENT, AUTO_INCREMENT=359;

--
-- AUTO_INCREMENT for table `permissions`
--
ALTER TABLE `permissions`
  MODIFY `id` int(10) UNSIGNED NOT NULL AUTO_INCREMENT, AUTO_INCREMENT=21;

--
-- AUTO_INCREMENT for table `products`
--
ALTER TABLE `products`
  MODIFY `id` bigint(20) UNSIGNED NOT NULL AUTO_INCREMENT, AUTO_INCREMENT=339;

--
-- AUTO_INCREMENT for table `product_order`
--
ALTER TABLE `product_order`
  MODIFY `id` bigint(20) UNSIGNED NOT NULL AUTO_INCREMENT, AUTO_INCREMENT=1119;

--
-- AUTO_INCREMENT for table `product_translations`
--
ALTER TABLE `product_translations`
  MODIFY `id` bigint(20) UNSIGNED NOT NULL AUTO_INCREMENT, AUTO_INCREMENT=677;

--
-- AUTO_INCREMENT for table `representatives`
--
ALTER TABLE `representatives`
  MODIFY `id` int(11) NOT NULL AUTO_INCREMENT, AUTO_INCREMENT=6;

--
-- AUTO_INCREMENT for table `roles`
--
ALTER TABLE `roles`
  MODIFY `id` int(10) UNSIGNED NOT NULL AUTO_INCREMENT, AUTO_INCREMENT=3;

--
-- AUTO_INCREMENT for table `shippingmethods`
--
ALTER TABLE `shippingmethods`
  MODIFY `id` int(11) NOT NULL AUTO_INCREMENT, AUTO_INCREMENT=9;

--
-- AUTO_INCREMENT for table `stores`
--
ALTER TABLE `stores`
  MODIFY `id` int(11) NOT NULL AUTO_INCREMENT, AUTO_INCREMENT=5;

--
-- AUTO_INCREMENT for table `sumorders`
--
ALTER TABLE `sumorders`
  MODIFY `id` int(11) NOT NULL AUTO_INCREMENT, AUTO_INCREMENT=286;

--
-- AUTO_INCREMENT for table `users`
--
ALTER TABLE `users`
  MODIFY `id` bigint(20) UNSIGNED NOT NULL AUTO_INCREMENT, AUTO_INCREMENT=15;

--
-- Constraints for dumped tables
--

--
-- Constraints for table `permission_role`
--
ALTER TABLE `permission_role`
  ADD CONSTRAINT `permission_role_permission_id_foreign` FOREIGN KEY (`permission_id`) REFERENCES `permissions` (`id`) ON DELETE CASCADE ON UPDATE CASCADE,
  ADD CONSTRAINT `permission_role_role_id_foreign` FOREIGN KEY (`role_id`) REFERENCES `roles` (`id`) ON DELETE CASCADE ON UPDATE CASCADE;

--
-- Constraints for table `permission_user`
--
ALTER TABLE `permission_user`
  ADD CONSTRAINT `permission_user_permission_id_foreign` FOREIGN KEY (`permission_id`) REFERENCES `permissions` (`id`) ON DELETE CASCADE ON UPDATE CASCADE;

--
-- Constraints for table `role_user`
--
ALTER TABLE `role_user`
  ADD CONSTRAINT `role_user_role_id_foreign` FOREIGN KEY (`role_id`) REFERENCES `roles` (`id`) ON DELETE CASCADE ON UPDATE CASCADE;
COMMIT;

/*!40101 SET CHARACTER_SET_CLIENT=@OLD_CHARACTER_SET_CLIENT */;
/*!40101 SET CHARACTER_SET_RESULTS=@OLD_CHARACTER_SET_RESULTS */;
/*!40101 SET COLLATION_CONNECTION=@OLD_COLLATION_CONNECTION */;
